id_projeto,nome_marco,tipo_marco,data_prevista,data_real,status_marco,atraso_marco
PROJ-0001,Iniciação - Projeto Industrial 001,Iniciação,2023-11-24,2023-11-30,Concluído,6
PROJ-0001,Planejamento - Projeto Industrial 001,Planejamento,2024-01-12,2024-01-14,Concluído,2
PROJ-0001,Execução - Projeto Industrial 001,Execução,2024-03-01,2024-03-08,Concluído,7
PROJ-0001,Monitoramento - Projeto Industrial 001,Monitoramento,2024-04-19,2024-04-19,Concluído,0
PROJ-0001,Encerramento - Projeto Industrial 001,Encerramento,2024-06-08,2024-06-12,Concluído,4
PROJ-0002,Iniciação - Projeto Infraestrutura 002,Iniciação,2023-02-27,2023-03-07,Concluído,8
PROJ-0002,Planejamento - Projeto Infraestrutura 002,Planejamento,2023-06-26,2023-06-27,Concluído,1
PROJ-0002,Execução - Projeto Infraestrutura 002,Execução,2023-10-24,,Atrasado,14
PROJ-0002,Monitoramento - Projeto Infraestrutura 002,Monitoramento,2024-02-21,,Atrasado,11
PROJ-0003,Iniciação - Projeto Residencial 003,Iniciação,2023-01-13,2023-01-18,Concluído,5
PROJ-0003,Planejamento - Projeto Residencial 003,Planejamento,2023-02-15,,Atrasado,10
PROJ-0003,Execução - Projeto Residencial 003,Execução,2023-03-20,2023-03-28,Concluído,8
PROJ-0003,Monitoramento - Projeto Residencial 003,Monitoramento,2023-04-23,2023-05-01,Concluído,8
PROJ-0004,Iniciação - Projeto Industrial 004,Iniciação,2024-01-15,2024-01-24,Concluído,9
PROJ-0004,Planejamento - Projeto Industrial 004,Planejamento,2024-02-20,2024-02-25,Concluído,5
PROJ-0004,Execução - Projeto Industrial 004,Execução,2024-03-28,2024-04-04,Concluído,7
PROJ-0005,Iniciação - Projeto Industrial 005,Iniciação,2023-05-21,2023-05-22,Concluído,1
PROJ-0005,Planejamento - Projeto Industrial 005,Planejamento,2023-10-25,2023-10-30,Concluído,5
PROJ-0005,Execução - Projeto Industrial 005,Execução,2024-03-30,2024-04-03,Concluído,4
PROJ-0006,Iniciação - Projeto Infraestrutura 006,Iniciação,2023-05-06,2023-05-06,Concluído,0
PROJ-0006,Planejamento - Projeto Infraestrutura 006,Planejamento,2023-05-19,2023-05-22,Concluído,3
PROJ-0006,Execução - Projeto Infraestrutura 006,Execução,2023-06-02,2023-06-11,Concluído,9
PROJ-0006,Monitoramento - Projeto Infraestrutura 006,Monitoramento,2023-06-16,2023-06-17,Concluído,1
PROJ-0007,Iniciação - Projeto Residencial 007,Iniciação,2023-04-25,2023-05-02,Concluído,7
PROJ-0007,Planejamento - Projeto Residencial 007,Planejamento,2023-06-26,2023-06-27,Concluído,1
PROJ-0007,Execução - Projeto Residencial 007,Execução,2023-08-27,2023-09-04,Concluído,8
PROJ-0008,Iniciação - Projeto Residencial 008,Iniciação,2023-03-13,2023-03-15,Concluído,2
PROJ-0008,Planejamento - Projeto Residencial 008,Planejamento,2023-07-01,2023-07-11,Concluído,10
PROJ-0008,Execução - Projeto Residencial 008,Execução,2023-10-19,2023-10-26,Concluído,7
PROJ-0008,Monitoramento - Projeto Residencial 008,Monitoramento,2024-02-07,2024-02-15,Concluído,8
PROJ-0009,Iniciação - Projeto Industrial 009,Iniciação,2024-01-13,2024-01-17,Concluído,4
PROJ-0009,Planejamento - Projeto Industrial 009,Planejamento,2024-04-16,2024-04-24,Concluído,8
PROJ-0009,Execução - Projeto Industrial 009,Execução,2024-07-19,2024-07-28,Concluído,9
PROJ-0009,Monitoramento - Projeto Industrial 009,Monitoramento,2024-10-21,2024-10-27,Concluído,6
PROJ-0010,Iniciação - Projeto Comercial 010,Iniciação,2023-02-22,2023-03-02,Concluído,8
PROJ-0010,Planejamento - Projeto Comercial 010,Planejamento,2023-06-07,2023-06-10,Concluído,3
PROJ-0010,Execução - Projeto Comercial 010,Execução,2023-09-20,2023-09-24,Concluído,4
PROJ-0010,Monitoramento - Projeto Comercial 010,Monitoramento,2024-01-03,,Atrasado,17
PROJ-0011,Iniciação - Projeto Industrial 011,Iniciação,2023-12-13,2023-12-20,Concluído,7
PROJ-0011,Planejamento - Projeto Industrial 011,Planejamento,2023-12-29,2024-01-06,Concluído,8
PROJ-0011,Execução - Projeto Industrial 011,Execução,2024-01-14,2024-01-21,Concluído,7
PROJ-0011,Monitoramento - Projeto Industrial 011,Monitoramento,2024-01-30,2024-01-31,Concluído,1
PROJ-0011,Encerramento - Projeto Industrial 011,Encerramento,2024-02-15,2024-02-18,Concluído,3
PROJ-0012,Iniciação - Projeto Industrial 012,Iniciação,2024-01-15,2024-01-16,Concluído,1
PROJ-0012,Planejamento - Projeto Industrial 012,Planejamento,2024-04-05,2024-04-10,Concluído,5
PROJ-0012,Execução - Projeto Industrial 012,Execução,2024-06-25,2024-06-25,Concluído,0
PROJ-0012,Monitoramento - Projeto Industrial 012,Monitoramento,2024-09-15,2024-09-24,Concluído,9
PROJ-0013,Iniciação - Projeto Industrial 013,Iniciação,2024-04-01,,Atrasado,12
PROJ-0013,Planejamento - Projeto Industrial 013,Planejamento,2024-05-10,2024-05-10,Concluído,0
PROJ-0013,Execução - Projeto Industrial 013,Execução,2024-06-19,2024-06-20,Concluído,1
PROJ-0013,Monitoramento - Projeto Industrial 013,Monitoramento,2024-07-29,2024-08-08,Concluído,10
PROJ-0014,Iniciação - Projeto Industrial 014,Iniciação,2023-10-07,2023-10-10,Concluído,3
PROJ-0014,Planejamento - Projeto Industrial 014,Planejamento,2024-03-10,2024-03-11,Concluído,1
PROJ-0014,Execução - Projeto Industrial 014,Execução,2024-08-13,2024-08-13,Concluído,0
PROJ-0015,Iniciação - Projeto Infraestrutura 015,Iniciação,2023-02-14,2023-02-15,Concluído,1
PROJ-0015,Planejamento - Projeto Infraestrutura 015,Planejamento,2023-03-16,2023-03-24,Concluído,8
PROJ-0015,Execução - Projeto Infraestrutura 015,Execução,2023-04-16,2023-04-19,Concluído,3
PROJ-0015,Monitoramento - Projeto Infraestrutura 015,Monitoramento,2023-05-16,,Atrasado,13
PROJ-0015,Encerramento - Projeto Infraestrutura 015,Encerramento,2023-06-16,2023-06-26,Concluído,10
PROJ-0016,Iniciação - Projeto Residencial 016,Iniciação,2023-10-30,2023-11-02,Concluído,3
PROJ-0016,Planejamento - Projeto Residencial 016,Planejamento,2023-11-22,2023-11-30,Concluído,8
PROJ-0016,Execução - Projeto Residencial 016,Execução,2023-12-16,2023-12-18,Concluído,2
PROJ-0016,Monitoramento - Projeto Residencial 016,Monitoramento,2024-01-09,2024-01-18,Concluído,9
PROJ-0016,Encerramento - Projeto Residencial 016,Encerramento,2024-02-02,2024-02-11,Concluído,9
PROJ-0016,Encerramento - Projeto Residencial 016,Encerramento,2024-02-26,2024-03-04,Concluído,7
PROJ-0017,Iniciação - Projeto Infraestrutura 017,Iniciação,2023-08-05,2023-08-12,Concluído,7
PROJ-0017,Planejamento - Projeto Infraestrutura 017,Planejamento,2023-09-22,2023-09-28,Concluído,6
PROJ-0017,Execução - Projeto Infraestrutura 017,Execução,2023-11-09,2023-11-12,Concluído,3
PROJ-0017,Monitoramento - Projeto Infraestrutura 017,Monitoramento,2023-12-27,2023-12-28,Concluído,1
PROJ-0018,Iniciação - Projeto Infraestrutura 018,Iniciação,2023-01-17,,Atrasado,18
PROJ-0018,Planejamento - Projeto Infraestrutura 018,Planejamento,2023-04-10,2023-04-15,Concluído,5
PROJ-0018,Execução - Projeto Infraestrutura 018,Execução,2023-07-02,2023-07-08,Concluído,6
PROJ-0019,Iniciação - Projeto Infraestrutura 019,Iniciação,2023-01-16,,Atrasado,19
PROJ-0019,Planejamento - Projeto Infraestrutura 019,Planejamento,2023-03-02,2023-03-02,Concluído,0
PROJ-0019,Execução - Projeto Infraestrutura 019,Execução,2023-04-16,,Atrasado,8
PROJ-0019,Monitoramento - Projeto Infraestrutura 019,Monitoramento,2023-05-31,2023-05-31,Concluído,0
PROJ-0019,Encerramento - Projeto Infraestrutura 019,Encerramento,2023-07-15,,Atrasado,17
PROJ-0019,Encerramento - Projeto Infraestrutura 019,Encerramento,2023-08-29,2023-09-03,Concluído,5
PROJ-0020,Iniciação - Projeto Industrial 020,Iniciação,2023-02-17,2023-02-20,Concluído,3
PROJ-0020,Planejamento - Projeto Industrial 020,Planejamento,2023-09-02,2023-09-05,Concluído,3
PROJ-0020,Execução - Projeto Industrial 020,Execução,2024-03-17,,Atrasado,11
PROJ-0021,Iniciação - Projeto Comercial 021,Iniciação,2023-04-22,,Atrasado,9
PROJ-0021,Planejamento - Projeto Comercial 021,Planejamento,2023-05-20,2023-05-26,Concluído,6
PROJ-0021,Execução - Projeto Comercial 021,Execução,2023-06-18,2023-06-20,Concluído,2
PROJ-0021,Monitoramento - Projeto Comercial 021,Monitoramento,2023-07-16,,Atrasado,13
PROJ-0021,Encerramento - Projeto Comercial 021,Encerramento,2023-08-14,2023-08-21,Concluído,7
PROJ-0021,Encerramento - Projeto Comercial 021,Encerramento,2023-09-12,2023-09-15,Concluído,3
PROJ-0022,Iniciação - Projeto Residencial 022,Iniciação,2023-04-30,,Atrasado,19
PROJ-0022,Planejamento - Projeto Residencial 022,Planejamento,2023-06-21,2023-06-29,Concluído,8
PROJ-0022,Execução - Projeto Residencial 022,Execução,2023-08-12,2023-08-13,Concluído,1
PROJ-0023,Iniciação - Projeto Comercial 023,Iniciação,2023-09-16,2023-09-26,Concluído,10
PROJ-0023,Planejamento - Projeto Comercial 023,Planejamento,2024-01-17,2024-01-25,Concluído,8
PROJ-0023,Execução - Projeto Comercial 023,Execução,2024-05-19,,Atrasado,5
PROJ-0024,Iniciação - Projeto Infraestrutura 024,Iniciação,2023-11-05,2023-11-08,Concluído,3
PROJ-0024,Planejamento - Projeto Infraestrutura 024,Planejamento,2024-04-06,,Atrasado,10
PROJ-0024,Execução - Projeto Infraestrutura 024,Execução,2024-09-06,2024-09-12,Concluído,6
PROJ-0025,Iniciação - Projeto Infraestrutura 025,Iniciação,2023-01-14,,Atrasado,20
PROJ-0025,Planejamento - Projeto Infraestrutura 025,Planejamento,2023-03-10,2023-03-13,Concluído,3
PROJ-0025,Execução - Projeto Infraestrutura 025,Execução,2023-05-05,2023-05-11,Concluído,6
PROJ-0025,Monitoramento - Projeto Infraestrutura 025,Monitoramento,2023-06-29,2023-06-29,Concluído,0
PROJ-0025,Encerramento - Projeto Infraestrutura 025,Encerramento,2023-08-24,2023-08-26,Concluído,2
PROJ-0025,Encerramento - Projeto Infraestrutura 025,Encerramento,2023-10-19,2023-10-25,Concluído,6
PROJ-0026,Iniciação - Projeto Comercial 026,Iniciação,2023-10-15,,Atrasado,17
PROJ-0026,Planejamento - Projeto Comercial 026,Planejamento,2024-01-19,2024-01-23,Concluído,4
PROJ-0026,Execução - Projeto Comercial 026,Execução,2024-04-25,2024-05-02,Concluído,7
PROJ-0027,Iniciação - Projeto Comercial 027,Iniciação,2023-04-12,2023-04-18,Concluído,6
PROJ-0027,Planejamento - Projeto Comercial 027,Planejamento,2023-06-16,2023-06-24,Concluído,8
PROJ-0027,Execução - Projeto Comercial 027,Execução,2023-08-20,2023-08-30,Concluído,10
PROJ-0027,Monitoramento - Projeto Comercial 027,Monitoramento,2023-10-24,,Atrasado,20
PROJ-0027,Encerramento - Projeto Comercial 027,Encerramento,2023-12-28,,Atrasado,9
PROJ-0028,Iniciação - Projeto Comercial 028,Iniciação,2024-01-02,,Atrasado,14
PROJ-0028,Planejamento - Projeto Comercial 028,Planejamento,2024-03-27,2024-03-30,Concluído,3
PROJ-0028,Execução - Projeto Comercial 028,Execução,2024-06-20,2024-06-20,Concluído,0
PROJ-0028,Monitoramento - Projeto Comercial 028,Monitoramento,2024-09-14,2024-09-23,Concluído,9
PROJ-0029,Iniciação - Projeto Infraestrutura 029,Iniciação,2023-11-29,2023-12-04,Concluído,5
PROJ-0029,Planejamento - Projeto Infraestrutura 029,Planejamento,2024-03-11,,Atrasado,6
PROJ-0029,Execução - Projeto Infraestrutura 029,Execução,2024-06-22,2024-06-22,Concluído,0
PROJ-0030,Iniciação - Projeto Infraestrutura 030,Iniciação,2023-12-26,2024-01-03,Concluído,8
PROJ-0030,Planejamento - Projeto Infraestrutura 030,Planejamento,2024-01-20,2024-01-28,Concluído,8
PROJ-0030,Execução - Projeto Infraestrutura 030,Execução,2024-02-15,2024-02-17,Concluído,2
PROJ-0030,Monitoramento - Projeto Infraestrutura 030,Monitoramento,2024-03-11,,Atrasado,6
PROJ-0030,Encerramento - Projeto Infraestrutura 030,Encerramento,2024-04-06,2024-04-14,Concluído,8
PROJ-0030,Encerramento - Projeto Infraestrutura 030,Encerramento,2024-05-02,2024-05-03,Concluído,1
PROJ-0031,Iniciação - Projeto Residencial 031,Iniciação,2023-10-07,,Atrasado,7
PROJ-0031,Planejamento - Projeto Residencial 031,Planejamento,2023-10-28,2023-11-06,Concluído,9
PROJ-0031,Execução - Projeto Residencial 031,Execução,2023-11-19,2023-11-20,Concluído,1
PROJ-0031,Monitoramento - Projeto Residencial 031,Monitoramento,2023-12-11,2023-12-21,Concluído,10
PROJ-0032,Iniciação - Projeto Residencial 032,Iniciação,2023-08-03,2023-08-09,Concluído,6
PROJ-0032,Planejamento - Projeto Residencial 032,Planejamento,2023-09-13,2023-09-14,Concluído,1
PROJ-0032,Execução - Projeto Residencial 032,Execução,2023-10-25,,Atrasado,12
PROJ-0032,Monitoramento - Projeto Residencial 032,Monitoramento,2023-12-06,2023-12-15,Concluído,9
PROJ-0033,Iniciação - Projeto Infraestrutura 033,Iniciação,2023-04-23,,Atrasado,7
PROJ-0033,Planejamento - Projeto Infraestrutura 033,Planejamento,2023-07-22,2023-07-28,Concluído,6
PROJ-0033,Execução - Projeto Infraestrutura 033,Execução,2023-10-21,2023-10-31,Concluído,10
PROJ-0034,Iniciação - Projeto Comercial 034,Iniciação,2023-08-18,2023-08-22,Concluído,4
PROJ-0034,Planejamento - Projeto Comercial 034,Planejamento,2023-10-02,2023-10-05,Concluído,3
PROJ-0034,Execução - Projeto Comercial 034,Execução,2023-11-16,2023-11-26,Concluído,10
PROJ-0034,Monitoramento - Projeto Comercial 034,Monitoramento,2023-12-31,,Atrasado,15
PROJ-0034,Encerramento - Projeto Comercial 034,Encerramento,2024-02-14,2024-02-17,Concluído,3
PROJ-0035,Iniciação - Projeto Comercial 035,Iniciação,2023-10-29,2023-11-04,Concluído,6
PROJ-0035,Planejamento - Projeto Comercial 035,Planejamento,2023-12-26,2023-12-28,Concluído,2
PROJ-0035,Execução - Projeto Comercial 035,Execução,2024-02-23,2024-03-04,Concluído,10
PROJ-0035,Monitoramento - Projeto Comercial 035,Monitoramento,2024-04-21,2024-05-01,Concluído,10
PROJ-0035,Encerramento - Projeto Comercial 035,Encerramento,2024-06-19,2024-06-23,Concluído,4
PROJ-0036,Iniciação - Projeto Residencial 036,Iniciação,2023-05-23,2023-05-28,Concluído,5
PROJ-0036,Planejamento - Projeto Residencial 036,Planejamento,2023-07-18,2023-07-19,Concluído,1
PROJ-0036,Execução - Projeto Residencial 036,Execução,2023-09-12,2023-09-12,Concluído,0
PROJ-0036,Monitoramento - Projeto Residencial 036,Monitoramento,2023-11-08,2023-11-15,Concluído,7
PROJ-0036,Encerramento - Projeto Residencial 036,Encerramento,2024-01-03,2024-01-12,Concluído,9
PROJ-0036,Encerramento - Projeto Residencial 036,Encerramento,2024-02-29,2024-03-09,Concluído,9
PROJ-0037,Iniciação - Projeto Infraestrutura 037,Iniciação,2024-02-19,,Atrasado,7
PROJ-0037,Planejamento - Projeto Infraestrutura 037,Planejamento,2024-03-23,2024-03-31,Concluído,8
PROJ-0037,Execução - Projeto Infraestrutura 037,Execução,2024-04-25,2024-04-28,Concluído,3
PROJ-0038,Iniciação - Projeto Residencial 038,Iniciação,2024-03-21,2024-03-23,Concluído,2
PROJ-0038,Planejamento - Projeto Residencial 038,Planejamento,2024-06-03,,Atrasado,16
PROJ-0038,Execução - Projeto Residencial 038,Execução,2024-08-16,2024-08-17,Concluído,1
PROJ-0038,Monitoramento - Projeto Residencial 038,Monitoramento,2024-10-29,2024-11-01,Concluído,3
PROJ-0038,Encerramento - Projeto Residencial 038,Encerramento,2025-01-12,,Atrasado,16
PROJ-0039,Iniciação - Projeto Residencial 039,Iniciação,2023-01-04,2023-01-06,Concluído,2
PROJ-0039,Planejamento - Projeto Residencial 039,Planejamento,2023-02-26,2023-03-05,Concluído,7
PROJ-0039,Execução - Projeto Residencial 039,Execução,2023-04-20,2023-04-28,Concluído,8
PROJ-0039,Monitoramento - Projeto Residencial 039,Monitoramento,2023-06-12,2023-06-16,Concluído,4
PROJ-0039,Encerramento - Projeto Residencial 039,Encerramento,2023-08-04,,Atrasado,5
PROJ-0040,Iniciação - Projeto Industrial 040,Iniciação,2024-01-24,2024-02-03,Concluído,10
PROJ-0040,Planejamento - Projeto Industrial 040,Planejamento,2024-02-03,2024-02-04,Concluído,1
PROJ-0040,Execução - Projeto Industrial 040,Execução,2024-02-14,2024-02-16,Concluído,2
PROJ-0040,Monitoramento - Projeto Industrial 040,Monitoramento,2024-02-24,2024-02-28,Concluído,4
PROJ-0040,Encerramento - Projeto Industrial 040,Encerramento,2024-03-06,2024-03-07,Concluído,1
PROJ-0041,Iniciação - Projeto Industrial 041,Iniciação,2024-02-17,2024-02-25,Concluído,8
PROJ-0041,Planejamento - Projeto Industrial 041,Planejamento,2024-07-20,2024-07-22,Concluído,2
PROJ-0041,Execução - Projeto Industrial 041,Execução,2024-12-21,2024-12-25,Concluído,4
PROJ-0042,Iniciação - Projeto Industrial 042,Iniciação,2023-03-23,2023-04-01,Concluído,9
PROJ-0042,Planejamento - Projeto Industrial 042,Planejamento,2023-05-23,2023-05-26,Concluído,3
PROJ-0042,Execução - Projeto Industrial 042,Execução,2023-07-24,2023-07-29,Concluído,5
PROJ-0042,Monitoramento - Projeto Industrial 042,Monitoramento,2023-09-23,2023-09-26,Concluído,3
PROJ-0042,Encerramento - Projeto Industrial 042,Encerramento,2023-11-24,,Atrasado,13
PROJ-0043,Iniciação - Projeto Comercial 043,Iniciação,2023-12-24,2023-12-28,Concluído,4
PROJ-0043,Planejamento - Projeto Comercial 043,Planejamento,2024-02-29,2024-02-29,Concluído,0
PROJ-0043,Execução - Projeto Comercial 043,Execução,2024-05-07,2024-05-08,Concluído,1
PROJ-0043,Monitoramento - Projeto Comercial 043,Monitoramento,2024-07-13,2024-07-23,Concluído,10
PROJ-0043,Encerramento - Projeto Comercial 043,Encerramento,2024-09-19,2024-09-25,Concluído,6
PROJ-0043,Encerramento - Projeto Comercial 043,Encerramento,2024-11-26,2024-11-30,Concluído,4
PROJ-0044,Iniciação - Projeto Infraestrutura 044,Iniciação,2023-08-05,2023-08-05,Concluído,0
PROJ-0044,Planejamento - Projeto Infraestrutura 044,Planejamento,2024-01-03,2024-01-08,Concluído,5
PROJ-0044,Execução - Projeto Infraestrutura 044,Execução,2024-06-02,2024-06-04,Concluído,2
PROJ-0045,Iniciação - Projeto Infraestrutura 045,Iniciação,2023-06-24,2023-06-26,Concluído,2
PROJ-0045,Planejamento - Projeto Infraestrutura 045,Planejamento,2023-07-16,2023-07-23,Concluído,7
PROJ-0045,Execução - Projeto Infraestrutura 045,Execução,2023-08-08,,Atrasado,18
PROJ-0045,Monitoramento - Projeto Infraestrutura 045,Monitoramento,2023-08-31,2023-09-08,Concluído,8
PROJ-0045,Encerramento - Projeto Infraestrutura 045,Encerramento,2023-09-23,2023-09-23,Concluído,0
PROJ-0046,Iniciação - Projeto Infraestrutura 046,Iniciação,2023-05-23,2023-05-24,Concluído,1
PROJ-0046,Planejamento - Projeto Infraestrutura 046,Planejamento,2023-07-18,,Atrasado,9
PROJ-0046,Execução - Projeto Infraestrutura 046,Execução,2023-09-13,2023-09-21,Concluído,8
PROJ-0047,Iniciação - Projeto Infraestrutura 047,Iniciação,2023-03-21,,Atrasado,16
PROJ-0047,Planejamento - Projeto Infraestrutura 047,Planejamento,2023-07-22,2023-07-31,Concluído,9
PROJ-0047,Execução - Projeto Infraestrutura 047,Execução,2023-11-22,2023-11-30,Concluído,8
PROJ-0048,Iniciação - Projeto Industrial 048,Iniciação,2023-04-21,,Atrasado,18
PROJ-0048,Planejamento - Projeto Industrial 048,Planejamento,2023-07-02,2023-07-04,Concluído,2
PROJ-0048,Execução - Projeto Industrial 048,Execução,2023-09-12,2023-09-12,Concluído,0
PROJ-0048,Monitoramento - Projeto Industrial 048,Monitoramento,2023-11-23,2023-11-27,Concluído,4
PROJ-0049,Iniciação - Projeto Comercial 049,Iniciação,2024-01-26,,Atrasado,6
PROJ-0049,Planejamento - Projeto Comercial 049,Planejamento,2024-02-07,2024-02-12,Concluído,5
PROJ-0049,Execução - Projeto Comercial 049,Execução,2024-02-19,2024-02-22,Concluído,3
PROJ-0049,Monitoramento - Projeto Comercial 049,Monitoramento,2024-03-02,2024-03-12,Concluído,10
PROJ-0049,Encerramento - Projeto Comercial 049,Encerramento,2024-03-14,2024-03-17,Concluído,3
PROJ-0050,Iniciação - Projeto Comercial 050,Iniciação,2023-06-22,2023-06-27,Concluído,5
PROJ-0050,Planejamento - Projeto Comercial 050,Planejamento,2023-10-03,,Atrasado,18
PROJ-0050,Execução - Projeto Comercial 050,Execução,2024-01-14,,Atrasado,9
PROJ-0051,Iniciação - Projeto Industrial 051,Iniciação,2023-02-22,,Atrasado,10
PROJ-0051,Planejamento - Projeto Industrial 051,Planejamento,2023-04-15,2023-04-17,Concluído,2
PROJ-0051,Execução - Projeto Industrial 051,Execução,2023-06-07,2023-06-13,Concluído,6
PROJ-0051,Monitoramento - Projeto Industrial 051,Monitoramento,2023-07-30,2023-07-30,Concluído,0
PROJ-0052,Iniciação - Projeto Comercial 052,Iniciação,2023-02-17,2023-02-22,Concluído,5
PROJ-0052,Planejamento - Projeto Comercial 052,Planejamento,2023-05-15,2023-05-21,Concluído,6
PROJ-0052,Execução - Projeto Comercial 052,Execução,2023-08-10,,Atrasado,12
PROJ-0052,Monitoramento - Projeto Comercial 052,Monitoramento,2023-11-06,2023-11-10,Concluído,4
PROJ-0053,Iniciação - Projeto Industrial 053,Iniciação,2023-07-14,2023-07-15,Concluído,1
PROJ-0053,Planejamento - Projeto Industrial 053,Planejamento,2023-08-18,2023-08-24,Concluído,6
PROJ-0053,Execução - Projeto Industrial 053,Execução,2023-09-22,2023-09-22,Concluído,0
PROJ-0053,Monitoramento - Projeto Industrial 053,Monitoramento,2023-10-27,2023-11-03,Concluído,7
PROJ-0054,Iniciação - Projeto Infraestrutura 054,Iniciação,2023-02-19,2023-02-22,Concluído,3
PROJ-0054,Planejamento - Projeto Infraestrutura 054,Planejamento,2023-05-28,2023-06-04,Concluído,7
PROJ-0054,Execução - Projeto Infraestrutura 054,Execução,2023-09-03,2023-09-08,Concluído,5
PROJ-0054,Monitoramento - Projeto Infraestrutura 054,Monitoramento,2023-12-10,2023-12-14,Concluído,4
PROJ-0055,Iniciação - Projeto Industrial 055,Iniciação,2023-07-03,2023-07-06,Concluído,3
PROJ-0055,Planejamento - Projeto Industrial 055,Planejamento,2023-10-15,2023-10-15,Concluído,0
PROJ-0055,Execução - Projeto Industrial 055,Execução,2024-01-27,2024-02-06,Concluído,10
PROJ-0055,Monitoramento - Projeto Industrial 055,Monitoramento,2024-05-11,2024-05-14,Concluído,3
PROJ-0056,Iniciação - Projeto Infraestrutura 056,Iniciação,2024-03-09,2024-03-14,Concluído,5
PROJ-0056,Planejamento - Projeto Infraestrutura 056,Planejamento,2024-04-25,2024-04-29,Concluído,4
PROJ-0056,Execução - Projeto Infraestrutura 056,Execução,2024-06-11,2024-06-12,Concluído,1
PROJ-0056,Monitoramento - Projeto Infraestrutura 056,Monitoramento,2024-07-28,,Atrasado,13
PROJ-0056,Encerramento - Projeto Infraestrutura 056,Encerramento,2024-09-13,2024-09-18,Concluído,5
PROJ-0056,Encerramento - Projeto Infraestrutura 056,Encerramento,2024-10-30,2024-11-09,Concluído,10
PROJ-0057,Iniciação - Projeto Infraestrutura 057,Iniciação,2023-06-26,2023-07-06,Concluído,10
PROJ-0057,Planejamento - Projeto Infraestrutura 057,Planejamento,2023-08-23,2023-08-31,Concluído,8
PROJ-0057,Execução - Projeto Infraestrutura 057,Execução,2023-10-20,2023-10-25,Concluído,5
PROJ-0057,Monitoramento - Projeto Infraestrutura 057,Monitoramento,2023-12-17,2023-12-17,Concluído,0
PROJ-0057,Encerramento - Projeto Infraestrutura 057,Encerramento,2024-02-13,2024-02-14,Concluído,1
PROJ-0057,Encerramento - Projeto Infraestrutura 057,Encerramento,2024-04-11,2024-04-15,Concluído,4
PROJ-0058,Iniciação - Projeto Residencial 058,Iniciação,2023-11-06,2023-11-15,Concluído,9
PROJ-0058,Planejamento - Projeto Residencial 058,Planejamento,2023-12-09,2023-12-13,Concluído,4
PROJ-0058,Execução - Projeto Residencial 058,Execução,2024-01-11,2024-01-11,Concluído,0
PROJ-0058,Monitoramento - Projeto Residencial 058,Monitoramento,2024-02-13,2024-02-14,Concluído,1
PROJ-0059,Iniciação - Projeto Industrial 059,Iniciação,2023-05-16,2023-05-21,Concluído,5
PROJ-0059,Planejamento - Projeto Industrial 059,Planejamento,2023-06-24,2023-06-29,Concluído,5
PROJ-0059,Execução - Projeto Industrial 059,Execução,2023-08-03,2023-08-09,Concluído,6
PROJ-0059,Monitoramento - Projeto Industrial 059,Monitoramento,2023-09-12,,Atrasado,8
PROJ-0059,Encerramento - Projeto Industrial 059,Encerramento,2023-10-22,2023-10-28,Concluído,6
PROJ-0059,Encerramento - Projeto Industrial 059,Encerramento,2023-12-01,,Atrasado,11
PROJ-0060,Iniciação - Projeto Residencial 060,Iniciação,2024-02-18,2024-02-18,Concluído,0
PROJ-0060,Planejamento - Projeto Residencial 060,Planejamento,2024-03-13,2024-03-19,Concluído,6
PROJ-0060,Execução - Projeto Residencial 060,Execução,2024-04-07,2024-04-07,Concluído,0
PROJ-0060,Monitoramento - Projeto Residencial 060,Monitoramento,2024-05-01,2024-05-09,Concluído,8
PROJ-0060,Encerramento - Projeto Residencial 060,Encerramento,2024-05-26,2024-06-03,Concluído,8
PROJ-0061,Iniciação - Projeto Industrial 061,Iniciação,2023-01-23,2023-01-28,Concluído,5
PROJ-0061,Planejamento - Projeto Industrial 061,Planejamento,2023-03-06,2023-03-12,Concluído,6
PROJ-0061,Execução - Projeto Industrial 061,Execução,2023-04-18,,Atrasado,7
PROJ-0061,Monitoramento - Projeto Industrial 061,Monitoramento,2023-05-31,2023-06-10,Concluído,10
PROJ-0062,Iniciação - Projeto Industrial 062,Iniciação,2024-01-09,2024-01-18,Concluído,9
PROJ-0062,Planejamento - Projeto Industrial 062,Planejamento,2024-01-22,2024-01-27,Concluído,5
PROJ-0062,Execução - Projeto Industrial 062,Execução,2024-02-05,2024-02-15,Concluído,10
PROJ-0062,Monitoramento - Projeto Industrial 062,Monitoramento,2024-02-18,2024-02-19,Concluído,1
PROJ-0062,Encerramento - Projeto Industrial 062,Encerramento,2024-03-03,2024-03-07,Concluído,4
PROJ-0063,Iniciação - Projeto Residencial 063,Iniciação,2023-08-24,2023-09-03,Concluído,10
PROJ-0063,Planejamento - Projeto Residencial 063,Planejamento,2023-09-13,2023-09-19,Concluído,6
PROJ-0063,Execução - Projeto Residencial 063,Execução,2023-10-04,,Atrasado,15
PROJ-0063,Monitoramento - Projeto Residencial 063,Monitoramento,2023-10-24,2023-10-30,Concluído,6
PROJ-0063,Encerramento - Projeto Residencial 063,Encerramento,2023-11-14,2023-11-18,Concluído,4
PROJ-0064,Iniciação - Projeto Residencial 064,Iniciação,2023-10-02,,Atrasado,11
PROJ-0064,Planejamento - Projeto Residencial 064,Planejamento,2023-12-18,2023-12-24,Concluído,6
PROJ-0064,Execução - Projeto Residencial 064,Execução,2024-03-04,2024-03-14,Concluído,10
PROJ-0064,Monitoramento - Projeto Residencial 064,Monitoramento,2024-05-20,,Atrasado,17
PROJ-0065,Iniciação - Projeto Industrial 065,Iniciação,2023-03-05,2023-03-14,Concluído,9
PROJ-0065,Planejamento - Projeto Industrial 065,Planejamento,2023-05-01,2023-05-10,Concluído,9
PROJ-0065,Execução - Projeto Industrial 065,Execução,2023-06-28,2023-07-02,Concluído,4
PROJ-0065,Monitoramento - Projeto Industrial 065,Monitoramento,2023-08-25,2023-08-31,Concluído,6
PROJ-0066,Iniciação - Projeto Comercial 066,Iniciação,2023-07-13,2023-07-17,Concluído,4
PROJ-0066,Planejamento - Projeto Comercial 066,Planejamento,2023-08-25,,Atrasado,14
PROJ-0066,Execução - Projeto Comercial 066,Execução,2023-10-07,2023-10-10,Concluído,3
PROJ-0067,Iniciação - Projeto Infraestrutura 067,Iniciação,2023-02-10,2023-02-19,Concluído,9
PROJ-0067,Planejamento - Projeto Infraestrutura 067,Planejamento,2023-02-23,,Atrasado,15
PROJ-0067,Execução - Projeto Infraestrutura 067,Execução,2023-03-09,2023-03-16,Concluído,7
PROJ-0067,Monitoramento - Projeto Infraestrutura 067,Monitoramento,2023-03-22,2023-03-29,Concluído,7
PROJ-0067,Encerramento - Projeto Infraestrutura 067,Encerramento,2023-04-05,2023-04-12,Concluído,7
PROJ-0067,Encerramento - Projeto Infraestrutura 067,Encerramento,2023-04-19,2023-04-29,Concluído,10
PROJ-0068,Iniciação - Projeto Residencial 068,Iniciação,2023-10-10,2023-10-18,Concluído,8
PROJ-0068,Planejamento - Projeto Residencial 068,Planejamento,2023-11-25,,Atrasado,20
PROJ-0068,Execução - Projeto Residencial 068,Execução,2024-01-10,2024-01-12,Concluído,2
PROJ-0068,Monitoramento - Projeto Residencial 068,Monitoramento,2024-02-25,2024-03-06,Concluído,10
PROJ-0069,Iniciação - Projeto Infraestrutura 069,Iniciação,2023-05-31,2023-06-04,Concluído,4
PROJ-0069,Planejamento - Projeto Infraestrutura 069,Planejamento,2023-09-13,,Atrasado,15
PROJ-0069,Execução - Projeto Infraestrutura 069,Execução,2023-12-27,,Atrasado,7
PROJ-0070,Iniciação - Projeto Comercial 070,Iniciação,2024-02-29,2024-03-10,Concluído,10
PROJ-0070,Planejamento - Projeto Comercial 070,Planejamento,2024-03-23,2024-03-27,Concluído,4
PROJ-0070,Execução - Projeto Comercial 070,Execução,2024-04-16,2024-04-19,Concluído,3
PROJ-0070,Monitoramento - Projeto Comercial 070,Monitoramento,2024-05-10,2024-05-13,Concluído,3
PROJ-0071,Iniciação - Projeto Comercial 071,Iniciação,2023-11-18,2023-11-18,Concluído,0
PROJ-0071,Planejamento - Projeto Comercial 071,Planejamento,2024-01-28,2024-01-28,Concluído,0
PROJ-0071,Execução - Projeto Comercial 071,Execução,2024-04-09,,Atrasado,12
PROJ-0071,Monitoramento - Projeto Comercial 071,Monitoramento,2024-06-20,2024-06-27,Concluído,7
PROJ-0072,Iniciação - Projeto Comercial 072,Iniciação,2023-11-13,2023-11-20,Concluído,7
PROJ-0072,Planejamento - Projeto Comercial 072,Planejamento,2024-04-12,2024-04-18,Concluído,6
PROJ-0072,Execução - Projeto Comercial 072,Execução,2024-09-11,2024-09-21,Concluído,10
PROJ-0073,Iniciação - Projeto Residencial 073,Iniciação,2024-03-29,2024-04-04,Concluído,6
PROJ-0073,Planejamento - Projeto Residencial 073,Planejamento,2024-06-06,2024-06-13,Concluído,7
PROJ-0073,Execução - Projeto Residencial 073,Execução,2024-08-14,2024-08-20,Concluído,6
PROJ-0073,Monitoramento - Projeto Residencial 073,Monitoramento,2024-10-23,2024-10-26,Concluído,3
PROJ-0074,Iniciação - Projeto Comercial 074,Iniciação,2024-03-17,,Atrasado,5
PROJ-0074,Planejamento - Projeto Comercial 074,Planejamento,2024-05-10,2024-05-11,Concluído,1
PROJ-0074,Execução - Projeto Comercial 074,Execução,2024-07-03,2024-07-09,Concluído,6
PROJ-0074,Monitoramento - Projeto Comercial 074,Monitoramento,2024-08-26,,Atrasado,12
PROJ-0075,Iniciação - Projeto Residencial 075,Iniciação,2023-07-05,2023-07-13,Concluído,8
PROJ-0075,Planejamento - Projeto Residencial 075,Planejamento,2023-09-07,2023-09-14,Concluído,7
PROJ-0075,Execução - Projeto Residencial 075,Execução,2023-11-10,,Atrasado,6
PROJ-0075,Monitoramento - Projeto Residencial 075,Monitoramento,2024-01-13,2024-01-21,Concluído,8
PROJ-0076,Iniciação - Projeto Comercial 076,Iniciação,2023-10-23,2023-10-24,Concluído,1
PROJ-0076,Planejamento - Projeto Comercial 076,Planejamento,2024-01-12,2024-01-19,Concluído,7
PROJ-0076,Execução - Projeto Comercial 076,Execução,2024-04-02,2024-04-04,Concluído,2
PROJ-0076,Monitoramento - Projeto Comercial 076,Monitoramento,2024-06-23,2024-06-30,Concluído,7
PROJ-0077,Iniciação - Projeto Infraestrutura 077,Iniciação,2023-04-09,2023-04-16,Concluído,7
PROJ-0077,Planejamento - Projeto Infraestrutura 077,Planejamento,2023-06-10,2023-06-19,Concluído,9
PROJ-0077,Execução - Projeto Infraestrutura 077,Execução,2023-08-12,2023-08-20,Concluído,8
PROJ-0077,Monitoramento - Projeto Infraestrutura 077,Monitoramento,2023-10-13,2023-10-19,Concluído,6
PROJ-0077,Encerramento - Projeto Infraestrutura 077,Encerramento,2023-12-15,2023-12-23,Concluído,8
PROJ-0078,Iniciação - Projeto Infraestrutura 078,Iniciação,2023-12-27,2023-12-29,Concluído,2
PROJ-0078,Planejamento - Projeto Infraestrutura 078,Planejamento,2024-02-17,,Atrasado,20
PROJ-0078,Execução - Projeto Infraestrutura 078,Execução,2024-04-10,2024-04-17,Concluído,7
PROJ-0078,Monitoramento - Projeto Infraestrutura 078,Monitoramento,2024-06-02,,Atrasado,13
PROJ-0078,Encerramento - Projeto Infraestrutura 078,Encerramento,2024-07-25,2024-07-28,Concluído,3
PROJ-0078,Encerramento - Projeto Infraestrutura 078,Encerramento,2024-09-16,2024-09-26,Concluído,10
PROJ-0079,Iniciação - Projeto Industrial 079,Iniciação,2023-02-05,2023-02-13,Concluído,8
PROJ-0079,Planejamento - Projeto Industrial 079,Planejamento,2023-05-06,,Atrasado,20
PROJ-0079,Execução - Projeto Industrial 079,Execução,2023-08-04,2023-08-14,Concluído,10
PROJ-0079,Monitoramento - Projeto Industrial 079,Monitoramento,2023-11-02,2023-11-05,Concluído,3
PROJ-0079,Encerramento - Projeto Industrial 079,Encerramento,2024-01-31,2024-02-04,Concluído,4
PROJ-0080,Iniciação - Projeto Infraestrutura 080,Iniciação,2023-01-24,2023-01-25,Concluído,1
PROJ-0080,Planejamento - Projeto Infraestrutura 080,Planejamento,2023-02-28,2023-03-04,Concluído,4
PROJ-0080,Execução - Projeto Infraestrutura 080,Execução,2023-04-04,,Atrasado,12
PROJ-0080,Monitoramento - Projeto Infraestrutura 080,Monitoramento,2023-05-09,,Atrasado,13
PROJ-0080,Encerramento - Projeto Infraestrutura 080,Encerramento,2023-06-13,2023-06-18,Concluído,5
PROJ-0080,Encerramento - Projeto Infraestrutura 080,Encerramento,2023-07-18,2023-07-23,Concluído,5
PROJ-0081,Iniciação - Projeto Industrial 081,Iniciação,2023-12-05,2023-12-07,Concluído,2
PROJ-0081,Planejamento - Projeto Industrial 081,Planejamento,2024-04-17,2024-04-19,Concluído,2
PROJ-0081,Execução - Projeto Industrial 081,Execução,2024-08-29,2024-09-01,Concluído,3
PROJ-0082,Iniciação - Projeto Infraestrutura 082,Iniciação,2023-04-27,2023-04-29,Concluído,2
PROJ-0082,Planejamento - Projeto Infraestrutura 082,Planejamento,2023-05-18,2023-05-21,Concluído,3
PROJ-0082,Execução - Projeto Infraestrutura 082,Execução,2023-06-08,,Atrasado,7
PROJ-0082,Monitoramento - Projeto Infraestrutura 082,Monitoramento,2023-06-29,2023-07-05,Concluído,6
PROJ-0082,Encerramento - Projeto Infraestrutura 082,Encerramento,2023-07-20,2023-07-26,Concluído,6
PROJ-0082,Encerramento - Projeto Infraestrutura 082,Encerramento,2023-08-10,2023-08-15,Concluído,5
PROJ-0083,Iniciação - Projeto Residencial 083,Iniciação,2024-01-31,2024-02-06,Concluído,6
PROJ-0083,Planejamento - Projeto Residencial 083,Planejamento,2024-02-07,2024-02-07,Concluído,0
PROJ-0083,Execução - Projeto Residencial 083,Execução,2024-02-15,2024-02-18,Concluído,3
PROJ-0083,Monitoramento - Projeto Residencial 083,Monitoramento,2024-02-22,2024-02-28,Concluído,6
PROJ-0083,Encerramento - Projeto Residencial 083,Encerramento,2024-03-01,,Atrasado,17
PROJ-0083,Encerramento - Projeto Residencial 083,Encerramento,2024-03-09,2024-03-18,Concluído,9
PROJ-0084,Iniciação - Projeto Infraestrutura 084,Iniciação,2023-05-29,2023-06-07,Concluído,9
PROJ-0084,Planejamento - Projeto Infraestrutura 084,Planejamento,2023-07-29,2023-08-04,Concluído,6
PROJ-0084,Execução - Projeto Infraestrutura 084,Execução,2023-09-29,2023-10-06,Concluído,7
PROJ-0085,Iniciação - Projeto Industrial 085,Iniciação,2023-02-10,2023-02-15,Concluído,5
PROJ-0085,Planejamento - Projeto Industrial 085,Planejamento,2023-07-27,,Atrasado,14
PROJ-0085,Execução - Projeto Industrial 085,Execução,2024-01-11,2024-01-17,Concluído,6
PROJ-0086,Iniciação - Projeto Industrial 086,Iniciação,2024-03-13,2024-03-21,Concluído,8
PROJ-0086,Planejamento - Projeto Industrial 086,Planejamento,2024-05-03,2024-05-11,Concluído,8
PROJ-0086,Execução - Projeto Industrial 086,Execução,2024-06-24,2024-07-03,Concluído,9
PROJ-0086,Monitoramento - Projeto Industrial 086,Monitoramento,2024-08-15,2024-08-18,Concluído,3
PROJ-0086,Encerramento - Projeto Industrial 086,Encerramento,2024-10-06,2024-10-13,Concluído,7
PROJ-0086,Encerramento - Projeto Industrial 086,Encerramento,2024-11-27,,Atrasado,12
PROJ-0087,Iniciação - Projeto Comercial 087,Iniciação,2023-04-30,2023-05-06,Concluído,6
PROJ-0087,Planejamento - Projeto Comercial 087,Planejamento,2023-05-18,2023-05-25,Concluído,7
PROJ-0087,Execução - Projeto Comercial 087,Execução,2023-06-06,2023-06-06,Concluído,0
PROJ-0087,Monitoramento - Projeto Comercial 087,Monitoramento,2023-06-24,,Atrasado,17
PROJ-0087,Encerramento - Projeto Comercial 087,Encerramento,2023-07-13,2023-07-18,Concluído,5
PROJ-0088,Iniciação - Projeto Residencial 088,Iniciação,2024-03-19,2024-03-21,Concluído,2
PROJ-0088,Planejamento - Projeto Residencial 088,Planejamento,2024-04-28,2024-05-05,Concluído,7
PROJ-0088,Execução - Projeto Residencial 088,Execução,2024-06-08,2024-06-10,Concluído,2
PROJ-0088,Monitoramento - Projeto Residencial 088,Monitoramento,2024-07-18,2024-07-27,Concluído,9
PROJ-0088,Encerramento - Projeto Residencial 088,Encerramento,2024-08-28,2024-09-05,Concluído,8
PROJ-0088,Encerramento - Projeto Residencial 088,Encerramento,2024-10-08,2024-10-08,Concluído,0
PROJ-0089,Iniciação - Projeto Infraestrutura 089,Iniciação,2023-02-21,2023-03-02,Concluído,9
PROJ-0089,Planejamento - Projeto Infraestrutura 089,Planejamento,2023-04-01,,Atrasado,5
PROJ-0089,Execução - Projeto Infraestrutura 089,Execução,2023-05-10,2023-05-11,Concluído,1
PROJ-0089,Monitoramento - Projeto Infraestrutura 089,Monitoramento,2023-06-18,2023-06-28,Concluído,10
PROJ-0089,Encerramento - Projeto Infraestrutura 089,Encerramento,2023-07-27,2023-08-02,Concluído,6
PROJ-0089,Encerramento - Projeto Infraestrutura 089,Encerramento,2023-09-04,2023-09-06,Concluído,2
PROJ-0090,Iniciação - Projeto Comercial 090,Iniciação,2023-07-14,2023-07-16,Concluído,2
PROJ-0090,Planejamento - Projeto Comercial 090,Planejamento,2023-08-27,2023-08-27,Concluído,0
PROJ-0090,Execução - Projeto Comercial 090,Execução,2023-10-11,2023-10-15,Concluído,4
PROJ-0090,Monitoramento - Projeto Comercial 090,Monitoramento,2023-11-25,2023-12-01,Concluído,6
PROJ-0090,Encerramento - Projeto Comercial 090,Encerramento,2024-01-09,2024-01-14,Concluído,5
PROJ-0090,Encerramento - Projeto Comercial 090,Encerramento,2024-02-23,2024-02-26,Concluído,3
PROJ-0091,Iniciação - Projeto Infraestrutura 091,Iniciação,2023-05-23,2023-05-28,Concluído,5
PROJ-0091,Planejamento - Projeto Infraestrutura 091,Planejamento,2023-07-01,2023-07-06,Concluído,5
PROJ-0091,Execução - Projeto Infraestrutura 091,Execução,2023-08-10,2023-08-16,Concluído,6
PROJ-0091,Monitoramento - Projeto Infraestrutura 091,Monitoramento,2023-09-19,2023-09-23,Concluído,4
PROJ-0091,Encerramento - Projeto Infraestrutura 091,Encerramento,2023-10-29,2023-11-04,Concluído,6
PROJ-0091,Encerramento - Projeto Infraestrutura 091,Encerramento,2023-12-08,2023-12-12,Concluído,4
PROJ-0092,Iniciação - Projeto Infraestrutura 092,Iniciação,2023-08-21,2023-08-28,Concluído,7
PROJ-0092,Planejamento - Projeto Infraestrutura 092,Planejamento,2024-01-24,2024-01-24,Concluído,0
PROJ-0092,Execução - Projeto Infraestrutura 092,Execução,2024-06-28,2024-07-06,Concluído,8
PROJ-0093,Iniciação - Projeto Comercial 093,Iniciação,2023-11-22,2023-11-27,Concluído,5
PROJ-0093,Planejamento - Projeto Comercial 093,Planejamento,2024-02-05,2024-02-08,Concluído,3
PROJ-0093,Execução - Projeto Comercial 093,Execução,2024-04-21,2024-05-01,Concluído,10
PROJ-0094,Iniciação - Projeto Comercial 094,Iniciação,2024-03-03,2024-03-13,Concluído,10
PROJ-0094,Planejamento - Projeto Comercial 094,Planejamento,2024-06-22,,Atrasado,6
PROJ-0094,Execução - Projeto Comercial 094,Execução,2024-10-12,2024-10-12,Concluído,0
PROJ-0095,Iniciação - Projeto Comercial 095,Iniciação,2023-07-06,2023-07-09,Concluído,3
PROJ-0095,Planejamento - Projeto Comercial 095,Planejamento,2023-07-17,2023-07-17,Concluído,0
PROJ-0095,Execução - Projeto Comercial 095,Execução,2023-07-28,2023-08-06,Concluído,9
PROJ-0095,Monitoramento - Projeto Comercial 095,Monitoramento,2023-08-09,2023-08-11,Concluído,2
PROJ-0096,Iniciação - Projeto Comercial 096,Iniciação,2023-03-25,2023-03-27,Concluído,2
PROJ-0096,Planejamento - Projeto Comercial 096,Planejamento,2023-04-13,,Atrasado,20
PROJ-0096,Execução - Projeto Comercial 096,Execução,2023-05-02,2023-05-12,Concluído,10
PROJ-0096,Monitoramento - Projeto Comercial 096,Monitoramento,2023-05-22,2023-05-23,Concluído,1
PROJ-0097,Iniciação - Projeto Comercial 097,Iniciação,2023-07-09,2023-07-16,Concluído,7
PROJ-0097,Planejamento - Projeto Comercial 097,Planejamento,2023-09-11,2023-09-15,Concluído,4
PROJ-0097,Execução - Projeto Comercial 097,Execução,2023-11-15,2023-11-20,Concluído,5
PROJ-0097,Monitoramento - Projeto Comercial 097,Monitoramento,2024-01-19,2024-01-21,Concluído,2
PROJ-0098,Iniciação - Projeto Infraestrutura 098,Iniciação,2023-07-01,,Atrasado,10
PROJ-0098,Planejamento - Projeto Infraestrutura 098,Planejamento,2023-10-15,2023-10-19,Concluído,4
PROJ-0098,Execução - Projeto Infraestrutura 098,Execução,2024-01-30,2024-01-31,Concluído,1
PROJ-0099,Iniciação - Projeto Comercial 099,Iniciação,2023-04-18,,Atrasado,14
PROJ-0099,Planejamento - Projeto Comercial 099,Planejamento,2023-10-29,,Atrasado,17
PROJ-0099,Execução - Projeto Comercial 099,Execução,2024-05-11,2024-05-17,Concluído,6
PROJ-0100,Iniciação - Projeto Residencial 100,Iniciação,2023-12-10,2023-12-11,Concluído,1
PROJ-0100,Planejamento - Projeto Residencial 100,Planejamento,2024-02-06,2024-02-15,Concluído,9
PROJ-0100,Execução - Projeto Residencial 100,Execução,2024-04-04,,Atrasado,12
PROJ-0100,Monitoramento - Projeto Residencial 100,Monitoramento,2024-06-01,2024-06-02,Concluído,1
PROJ-0101,Iniciação - Projeto Industrial 101,Iniciação,2023-05-17,2023-05-27,Concluído,10
PROJ-0101,Planejamento - Projeto Industrial 101,Planejamento,2023-08-14,2023-08-23,Concluído,9
PROJ-0101,Execução - Projeto Industrial 101,Execução,2023-11-11,2023-11-12,Concluído,1
PROJ-0101,Monitoramento - Projeto Industrial 101,Monitoramento,2024-02-08,,Atrasado,6
PROJ-0101,Encerramento - Projeto Industrial 101,Encerramento,2024-05-07,,Atrasado,16
PROJ-0102,Iniciação - Projeto Comercial 102,Iniciação,2023-12-26,2024-01-05,Concluído,10
PROJ-0102,Planejamento - Projeto Comercial 102,Planejamento,2024-02-13,2024-02-18,Concluído,5
PROJ-0102,Execução - Projeto Comercial 102,Execução,2024-04-02,2024-04-03,Concluído,1
PROJ-0102,Monitoramento - Projeto Comercial 102,Monitoramento,2024-05-21,2024-05-29,Concluído,8
PROJ-0102,Encerramento - Projeto Comercial 102,Encerramento,2024-07-09,2024-07-19,Concluído,10
PROJ-0102,Encerramento - Projeto Comercial 102,Encerramento,2024-08-28,,Atrasado,15
PROJ-0103,Iniciação - Projeto Comercial 103,Iniciação,2023-12-16,2023-12-22,Concluído,6
PROJ-0103,Planejamento - Projeto Comercial 103,Planejamento,2024-05-29,2024-06-05,Concluído,7
PROJ-0103,Execução - Projeto Comercial 103,Execução,2024-11-10,,Atrasado,8
PROJ-0104,Iniciação - Projeto Infraestrutura 104,Iniciação,2023-11-28,2023-12-03,Concluído,5
PROJ-0104,Planejamento - Projeto Infraestrutura 104,Planejamento,2024-01-03,2024-01-13,Concluído,10
PROJ-0104,Execução - Projeto Infraestrutura 104,Execução,2024-02-08,,Atrasado,19
PROJ-0104,Monitoramento - Projeto Infraestrutura 104,Monitoramento,2024-03-16,2024-03-18,Concluído,2
PROJ-0104,Encerramento - Projeto Infraestrutura 104,Encerramento,2024-04-21,2024-04-27,Concluído,6
PROJ-0104,Encerramento - Projeto Infraestrutura 104,Encerramento,2024-05-28,,Atrasado,10
PROJ-0105,Iniciação - Projeto Comercial 105,Iniciação,2023-02-06,,Atrasado,20
PROJ-0105,Planejamento - Projeto Comercial 105,Planejamento,2023-04-27,2023-05-04,Concluído,7
PROJ-0105,Execução - Projeto Comercial 105,Execução,2023-07-16,2023-07-22,Concluído,6
PROJ-0105,Monitoramento - Projeto Comercial 105,Monitoramento,2023-10-04,2023-10-13,Concluído,9
PROJ-0105,Encerramento - Projeto Comercial 105,Encerramento,2023-12-24,,Atrasado,13
PROJ-0106,Iniciação - Projeto Comercial 106,Iniciação,2023-11-08,,Atrasado,12
PROJ-0106,Planejamento - Projeto Comercial 106,Planejamento,2023-12-02,2023-12-03,Concluído,1
PROJ-0106,Execução - Projeto Comercial 106,Execução,2023-12-27,2023-12-31,Concluído,4
PROJ-0106,Monitoramento - Projeto Comercial 106,Monitoramento,2024-01-21,2024-01-28,Concluído,7
PROJ-0106,Encerramento - Projeto Comercial 106,Encerramento,2024-02-15,2024-02-18,Concluído,3
PROJ-0107,Iniciação - Projeto Comercial 107,Iniciação,2023-11-22,2023-12-01,Concluído,9
PROJ-0107,Planejamento - Projeto Comercial 107,Planejamento,2024-01-17,2024-01-26,Concluído,9
PROJ-0107,Execução - Projeto Comercial 107,Execução,2024-03-13,,Atrasado,17
PROJ-0107,Monitoramento - Projeto Comercial 107,Monitoramento,2024-05-08,2024-05-13,Concluído,5
PROJ-0107,Encerramento - Projeto Comercial 107,Encerramento,2024-07-03,2024-07-03,Concluído,0
PROJ-0107,Encerramento - Projeto Comercial 107,Encerramento,2024-08-29,2024-09-05,Concluído,7
PROJ-0108,Iniciação - Projeto Infraestrutura 108,Iniciação,2023-03-29,2023-03-31,Concluído,2
PROJ-0108,Planejamento - Projeto Infraestrutura 108,Planejamento,2023-06-13,2023-06-20,Concluído,7
PROJ-0108,Execução - Projeto Infraestrutura 108,Execução,2023-08-28,2023-08-31,Concluído,3
PROJ-0108,Monitoramento - Projeto Infraestrutura 108,Monitoramento,2023-11-12,,Atrasado,16
PROJ-0108,Encerramento - Projeto Infraestrutura 108,Encerramento,2024-01-27,,Atrasado,13
PROJ-0109,Iniciação - Projeto Comercial 109,Iniciação,2023-10-01,2023-10-05,Concluído,4
PROJ-0109,Planejamento - Projeto Comercial 109,Planejamento,2023-11-22,2023-12-01,Concluído,9
PROJ-0109,Execução - Projeto Comercial 109,Execução,2024-01-14,2024-01-18,Concluído,4
PROJ-0109,Monitoramento - Projeto Comercial 109,Monitoramento,2024-03-07,2024-03-15,Concluído,8
PROJ-0109,Encerramento - Projeto Comercial 109,Encerramento,2024-04-29,2024-04-29,Concluído,0
PROJ-0110,Iniciação - Projeto Industrial 110,Iniciação,2024-01-09,2024-01-10,Concluído,1
PROJ-0110,Planejamento - Projeto Industrial 110,Planejamento,2024-03-20,2024-03-23,Concluído,3
PROJ-0110,Execução - Projeto Industrial 110,Execução,2024-05-30,2024-06-05,Concluído,6
PROJ-0110,Monitoramento - Projeto Industrial 110,Monitoramento,2024-08-10,2024-08-17,Concluído,7
PROJ-0111,Iniciação - Projeto Infraestrutura 111,Iniciação,2023-05-06,,Atrasado,20
PROJ-0111,Planejamento - Projeto Infraestrutura 111,Planejamento,2023-06-15,2023-06-25,Concluído,10
PROJ-0111,Execução - Projeto Infraestrutura 111,Execução,2023-07-25,2023-08-01,Concluído,7
PROJ-0111,Monitoramento - Projeto Infraestrutura 111,Monitoramento,2023-09-03,2023-09-10,Concluído,7
PROJ-0112,Iniciação - Projeto Industrial 112,Iniciação,2023-03-25,,Atrasado,7
PROJ-0112,Planejamento - Projeto Industrial 112,Planejamento,2023-07-18,2023-07-22,Concluído,4
PROJ-0112,Execução - Projeto Industrial 112,Execução,2023-11-11,2023-11-14,Concluído,3
PROJ-0113,Iniciação - Projeto Infraestrutura 113,Iniciação,2023-08-25,2023-08-28,Concluído,3
PROJ-0113,Planejamento - Projeto Infraestrutura 113,Planejamento,2023-09-03,2023-09-07,Concluído,4
PROJ-0113,Execução - Projeto Infraestrutura 113,Execução,2023-09-13,2023-09-23,Concluído,10
PROJ-0113,Monitoramento - Projeto Infraestrutura 113,Monitoramento,2023-09-22,2023-10-01,Concluído,9
PROJ-0113,Encerramento - Projeto Infraestrutura 113,Encerramento,2023-10-02,,Atrasado,16
PROJ-0113,Encerramento - Projeto Infraestrutura 113,Encerramento,2023-10-12,2023-10-19,Concluído,7
PROJ-0114,Iniciação - Projeto Comercial 114,Iniciação,2023-07-14,,Atrasado,18
PROJ-0114,Planejamento - Projeto Comercial 114,Planejamento,2023-08-05,2023-08-13,Concluído,8
PROJ-0114,Execução - Projeto Comercial 114,Execução,2023-08-28,,Atrasado,15
PROJ-0114,Monitoramento - Projeto Comercial 114,Monitoramento,2023-09-19,2023-09-24,Concluído,5
PROJ-0114,Encerramento - Projeto Comercial 114,Encerramento,2023-10-12,,Atrasado,19
PROJ-0115,Iniciação - Projeto Industrial 115,Iniciação,2023-05-19,2023-05-23,Concluído,4
PROJ-0115,Planejamento - Projeto Industrial 115,Planejamento,2023-07-05,2023-07-09,Concluído,4
PROJ-0115,Execução - Projeto Industrial 115,Execução,2023-08-21,2023-08-24,Concluído,3
PROJ-0115,Monitoramento - Projeto Industrial 115,Monitoramento,2023-10-07,2023-10-08,Concluído,1
PROJ-0115,Encerramento - Projeto Industrial 115,Encerramento,2023-11-24,2023-11-27,Concluído,3
PROJ-0116,Iniciação - Projeto Infraestrutura 116,Iniciação,2023-11-24,2023-11-25,Concluído,1
PROJ-0116,Planejamento - Projeto Infraestrutura 116,Planejamento,2024-01-13,2024-01-21,Concluído,8
PROJ-0116,Execução - Projeto Infraestrutura 116,Execução,2024-03-04,2024-03-06,Concluído,2
PROJ-0116,Monitoramento - Projeto Infraestrutura 116,Monitoramento,2024-04-23,,Atrasado,11
PROJ-0116,Encerramento - Projeto Infraestrutura 116,Encerramento,2024-06-13,2024-06-16,Concluído,3
PROJ-0117,Iniciação - Projeto Residencial 117,Iniciação,2023-12-19,2023-12-23,Concluído,4
PROJ-0117,Planejamento - Projeto Residencial 117,Planejamento,2024-01-22,2024-01-31,Concluído,9
PROJ-0117,Execução - Projeto Residencial 117,Execução,2024-02-25,2024-03-04,Concluído,8
PROJ-0117,Monitoramento - Projeto Residencial 117,Monitoramento,2024-03-30,,Atrasado,14
PROJ-0117,Encerramento - Projeto Residencial 117,Encerramento,2024-05-03,2024-05-04,Concluído,1
PROJ-0117,Encerramento - Projeto Residencial 117,Encerramento,2024-06-06,2024-06-09,Concluído,3
PROJ-0118,Iniciação - Projeto Comercial 118,Iniciação,2023-10-13,,Atrasado,12
PROJ-0118,Planejamento - Projeto Comercial 118,Planejamento,2023-12-19,,Atrasado,16
PROJ-0118,Execução - Projeto Comercial 118,Execução,2024-02-25,2024-02-27,Concluído,2
PROJ-0118,Monitoramento - Projeto Comercial 118,Monitoramento,2024-05-03,,Atrasado,14
PROJ-0118,Encerramento - Projeto Comercial 118,Encerramento,2024-07-10,,Atrasado,5
PROJ-0119,Iniciação - Projeto Infraestrutura 119,Iniciação,2023-04-23,2023-04-27,Concluído,4
PROJ-0119,Planejamento - Projeto Infraestrutura 119,Planejamento,2023-07-15,2023-07-15,Concluído,0
PROJ-0119,Execução - Projeto Infraestrutura 119,Execução,2023-10-06,2023-10-06,Concluído,0
PROJ-0119,Monitoramento - Projeto Infraestrutura 119,Monitoramento,2023-12-28,2024-01-05,Concluído,8
PROJ-0120,Iniciação - Projeto Residencial 120,Iniciação,2023-12-17,2023-12-19,Concluído,2
PROJ-0120,Planejamento - Projeto Residencial 120,Planejamento,2024-02-04,2024-02-14,Concluído,10
PROJ-0120,Execução - Projeto Residencial 120,Execução,2024-03-25,2024-04-01,Concluído,7
PROJ-0120,Monitoramento - Projeto Residencial 120,Monitoramento,2024-05-13,2024-05-14,Concluído,1
PROJ-0120,Encerramento - Projeto Residencial 120,Encerramento,2024-07-02,2024-07-02,Concluído,0
PROJ-0121,Iniciação - Projeto Infraestrutura 121,Iniciação,2023-06-16,2023-06-23,Concluído,7
PROJ-0121,Planejamento - Projeto Infraestrutura 121,Planejamento,2023-07-07,2023-07-14,Concluído,7
PROJ-0121,Execução - Projeto Infraestrutura 121,Execução,2023-07-29,2023-08-05,Concluído,7
PROJ-0121,Monitoramento - Projeto Infraestrutura 121,Monitoramento,2023-08-20,2023-08-25,Concluído,5
PROJ-0121,Encerramento - Projeto Infraestrutura 121,Encerramento,2023-09-11,,Atrasado,10
PROJ-0122,Iniciação - Projeto Residencial 122,Iniciação,2024-03-07,2024-03-11,Concluído,4
PROJ-0122,Planejamento - Projeto Residencial 122,Planejamento,2024-06-03,2024-06-10,Concluído,7
PROJ-0122,Execução - Projeto Residencial 122,Execução,2024-08-31,2024-09-01,Concluído,1
PROJ-0123,Iniciação - Projeto Comercial 123,Iniciação,2024-01-29,2024-02-04,Concluído,6
PROJ-0123,Planejamento - Projeto Comercial 123,Planejamento,2024-07-20,2024-07-27,Concluído,7
PROJ-0123,Execução - Projeto Comercial 123,Execução,2025-01-09,,Atrasado,7
PROJ-0124,Iniciação - Projeto Industrial 124,Iniciação,2024-02-02,,Atrasado,9
PROJ-0124,Planejamento - Projeto Industrial 124,Planejamento,2024-02-17,2024-02-19,Concluído,2
PROJ-0124,Execução - Projeto Industrial 124,Execução,2024-03-03,2024-03-12,Concluído,9
PROJ-0125,Iniciação - Projeto Residencial 125,Iniciação,2023-01-29,,Atrasado,7
PROJ-0125,Planejamento - Projeto Residencial 125,Planejamento,2023-03-24,2023-03-27,Concluído,3
PROJ-0125,Execução - Projeto Residencial 125,Execução,2023-05-18,2023-05-19,Concluído,1
PROJ-0125,Monitoramento - Projeto Residencial 125,Monitoramento,2023-07-12,,Atrasado,18
PROJ-0125,Encerramento - Projeto Residencial 125,Encerramento,2023-09-05,2023-09-14,Concluído,9
PROJ-0126,Iniciação - Projeto Infraestrutura 126,Iniciação,2023-04-28,2023-05-06,Concluído,8
PROJ-0126,Planejamento - Projeto Infraestrutura 126,Planejamento,2023-07-30,2023-08-05,Concluído,6
PROJ-0126,Execução - Projeto Infraestrutura 126,Execução,2023-10-31,2023-11-07,Concluído,7
PROJ-0126,Monitoramento - Projeto Infraestrutura 126,Monitoramento,2024-02-01,2024-02-08,Concluído,7
PROJ-0127,Iniciação - Projeto Comercial 127,Iniciação,2024-02-25,2024-03-05,Concluído,9
PROJ-0127,Planejamento - Projeto Comercial 127,Planejamento,2024-05-20,2024-05-26,Concluído,6
PROJ-0127,Execução - Projeto Comercial 127,Execução,2024-08-13,2024-08-17,Concluído,4
PROJ-0127,Monitoramento - Projeto Comercial 127,Monitoramento,2024-11-06,2024-11-15,Concluído,9
PROJ-0127,Encerramento - Projeto Comercial 127,Encerramento,2025-01-31,2025-02-09,Concluído,9
PROJ-0128,Iniciação - Projeto Residencial 128,Iniciação,2023-01-17,2023-01-26,Concluído,9
PROJ-0128,Planejamento - Projeto Residencial 128,Planejamento,2023-03-31,2023-04-01,Concluído,1
PROJ-0128,Execução - Projeto Residencial 128,Execução,2023-06-12,,Atrasado,11
PROJ-0129,Iniciação - Projeto Infraestrutura 129,Iniciação,2024-02-17,2024-02-21,Concluído,4
PROJ-0129,Planejamento - Projeto Infraestrutura 129,Planejamento,2024-04-11,,Atrasado,7
PROJ-0129,Execução - Projeto Infraestrutura 129,Execução,2024-06-04,2024-06-06,Concluído,2
PROJ-0129,Monitoramento - Projeto Infraestrutura 129,Monitoramento,2024-07-29,2024-08-01,Concluído,3
PROJ-0130,Iniciação - Projeto Infraestrutura 130,Iniciação,2023-06-11,2023-06-19,Concluído,8
PROJ-0130,Planejamento - Projeto Infraestrutura 130,Planejamento,2023-07-10,,Atrasado,7
PROJ-0130,Execução - Projeto Infraestrutura 130,Execução,2023-08-08,2023-08-10,Concluído,2
PROJ-0130,Monitoramento - Projeto Infraestrutura 130,Monitoramento,2023-09-06,2023-09-06,Concluído,0
PROJ-0131,Iniciação - Projeto Infraestrutura 131,Iniciação,2023-07-25,2023-08-01,Concluído,7
PROJ-0131,Planejamento - Projeto Infraestrutura 131,Planejamento,2023-08-08,2023-08-17,Concluído,9
PROJ-0131,Execução - Projeto Infraestrutura 131,Execução,2023-08-23,2023-08-30,Concluído,7
PROJ-0131,Monitoramento - Projeto Infraestrutura 131,Monitoramento,2023-09-06,,Atrasado,14
PROJ-0131,Encerramento - Projeto Infraestrutura 131,Encerramento,2023-09-21,2023-09-21,Concluído,0
PROJ-0131,Encerramento - Projeto Infraestrutura 131,Encerramento,2023-10-06,2023-10-09,Concluído,3
PROJ-0132,Iniciação - Projeto Residencial 132,Iniciação,2023-05-18,2023-05-22,Concluído,4
PROJ-0132,Planejamento - Projeto Residencial 132,Planejamento,2023-07-07,2023-07-14,Concluído,7
PROJ-0132,Execução - Projeto Residencial 132,Execução,2023-08-27,2023-08-28,Concluído,1
PROJ-0132,Monitoramento - Projeto Residencial 132,Monitoramento,2023-10-16,2023-10-26,Concluído,10
PROJ-0132,Encerramento - Projeto Residencial 132,Encerramento,2023-12-06,2023-12-09,Concluído,3
PROJ-0133,Iniciação - Projeto Residencial 133,Iniciação,2023-02-03,,Atrasado,11
PROJ-0133,Planejamento - Projeto Residencial 133,Planejamento,2023-03-28,2023-04-03,Concluído,6
PROJ-0133,Execução - Projeto Residencial 133,Execução,2023-05-20,2023-05-21,Concluído,1
PROJ-0133,Monitoramento - Projeto Residencial 133,Monitoramento,2023-07-12,2023-07-20,Concluído,8
PROJ-0133,Encerramento - Projeto Residencial 133,Encerramento,2023-09-04,,Atrasado,12
PROJ-0134,Iniciação - Projeto Residencial 134,Iniciação,2023-04-19,2023-04-23,Concluído,4
PROJ-0134,Planejamento - Projeto Residencial 134,Planejamento,2023-06-25,2023-06-27,Concluído,2
PROJ-0134,Execução - Projeto Residencial 134,Execução,2023-08-31,,Atrasado,7
PROJ-0134,Monitoramento - Projeto Residencial 134,Monitoramento,2023-11-07,2023-11-07,Concluído,0
PROJ-0135,Iniciação - Projeto Industrial 135,Iniciação,2024-04-12,2024-04-16,Concluído,4
PROJ-0135,Planejamento - Projeto Industrial 135,Planejamento,2024-08-05,2024-08-14,Concluído,9
PROJ-0135,Execução - Projeto Industrial 135,Execução,2024-11-28,,Atrasado,14
PROJ-0135,Monitoramento - Projeto Industrial 135,Monitoramento,2025-03-24,2025-03-31,Concluído,7
PROJ-0136,Iniciação - Projeto Residencial 136,Iniciação,2023-10-18,2023-10-25,Concluído,7
PROJ-0136,Planejamento - Projeto Residencial 136,Planejamento,2024-04-01,2024-04-05,Concluído,4
PROJ-0136,Execução - Projeto Residencial 136,Execução,2024-09-14,2024-09-20,Concluído,6
PROJ-0137,Iniciação - Projeto Residencial 137,Iniciação,2024-03-24,2024-04-01,Concluído,8
PROJ-0137,Planejamento - Projeto Residencial 137,Planejamento,2024-05-07,2024-05-15,Concluído,8
PROJ-0137,Execução - Projeto Residencial 137,Execução,2024-06-21,2024-06-28,Concluído,7
PROJ-0137,Monitoramento - Projeto Residencial 137,Monitoramento,2024-08-04,2024-08-11,Concluído,7
PROJ-0137,Encerramento - Projeto Residencial 137,Encerramento,2024-09-18,2024-09-19,Concluído,1
PROJ-0138,Iniciação - Projeto Residencial 138,Iniciação,2024-01-03,2024-01-09,Concluído,6
PROJ-0138,Planejamento - Projeto Residencial 138,Planejamento,2024-03-26,,Atrasado,15
PROJ-0138,Execução - Projeto Residencial 138,Execução,2024-06-17,2024-06-26,Concluído,9
PROJ-0139,Iniciação - Projeto Industrial 139,Iniciação,2023-06-11,,Atrasado,5
PROJ-0139,Planejamento - Projeto Industrial 139,Planejamento,2023-08-22,,Atrasado,7
PROJ-0139,Execução - Projeto Industrial 139,Execução,2023-11-03,2023-11-06,Concluído,3
PROJ-0139,Monitoramento - Projeto Industrial 139,Monitoramento,2024-01-14,2024-01-24,Concluído,10
PROJ-0139,Encerramento - Projeto Industrial 139,Encerramento,2024-03-27,2024-04-05,Concluído,9
PROJ-0140,Iniciação - Projeto Residencial 140,Iniciação,2023-04-19,2023-04-29,Concluído,10
PROJ-0140,Planejamento - Projeto Residencial 140,Planejamento,2023-08-13,2023-08-17,Concluído,4
PROJ-0140,Execução - Projeto Residencial 140,Execução,2023-12-07,2023-12-16,Concluído,9
PROJ-0141,Iniciação - Projeto Infraestrutura 141,Iniciação,2023-12-02,2023-12-04,Concluído,2
PROJ-0141,Planejamento - Projeto Infraestrutura 141,Planejamento,2024-04-20,,Atrasado,20
PROJ-0141,Execução - Projeto Infraestrutura 141,Execução,2024-09-08,2024-09-16,Concluído,8
PROJ-0142,Iniciação - Projeto Residencial 142,Iniciação,2023-09-13,,Atrasado,13
PROJ-0142,Planejamento - Projeto Residencial 142,Planejamento,2023-11-03,2023-11-05,Concluído,2
PROJ-0142,Execução - Projeto Residencial 142,Execução,2023-12-25,,Atrasado,18
PROJ-0142,Monitoramento - Projeto Residencial 142,Monitoramento,2024-02-14,2024-02-24,Concluído,10
PROJ-0142,Encerramento - Projeto Residencial 142,Encerramento,2024-04-06,2024-04-13,Concluído,7
PROJ-0142,Encerramento - Projeto Residencial 142,Encerramento,2024-05-28,2024-05-29,Concluído,1
PROJ-0143,Iniciação - Projeto Infraestrutura 143,Iniciação,2023-07-22,2023-07-27,Concluído,5
PROJ-0143,Planejamento - Projeto Infraestrutura 143,Planejamento,2023-08-29,2023-09-04,Concluído,6
PROJ-0143,Execução - Projeto Infraestrutura 143,Execução,2023-10-07,,Atrasado,15
PROJ-0143,Monitoramento - Projeto Infraestrutura 143,Monitoramento,2023-11-14,2023-11-19,Concluído,5
PROJ-0143,Encerramento - Projeto Infraestrutura 143,Encerramento,2023-12-23,2024-01-02,Concluído,10
PROJ-0143,Encerramento - Projeto Infraestrutura 143,Encerramento,2024-01-31,2024-02-01,Concluído,1
PROJ-0144,Iniciação - Projeto Infraestrutura 144,Iniciação,2024-03-28,,Atrasado,15
PROJ-0144,Planejamento - Projeto Infraestrutura 144,Planejamento,2024-06-21,2024-06-27,Concluído,6
PROJ-0144,Execução - Projeto Infraestrutura 144,Execução,2024-09-14,2024-09-21,Concluído,7
PROJ-0144,Monitoramento - Projeto Infraestrutura 144,Monitoramento,2024-12-09,2024-12-13,Concluído,4
PROJ-0145,Iniciação - Projeto Infraestrutura 145,Iniciação,2024-04-13,2024-04-21,Concluído,8
PROJ-0145,Planejamento - Projeto Infraestrutura 145,Planejamento,2024-05-18,2024-05-18,Concluído,0
PROJ-0145,Execução - Projeto Infraestrutura 145,Execução,2024-06-22,,Atrasado,19
PROJ-0145,Monitoramento - Projeto Infraestrutura 145,Monitoramento,2024-07-27,2024-07-28,Concluído,1
PROJ-0145,Encerramento - Projeto Infraestrutura 145,Encerramento,2024-08-31,,Atrasado,15
PROJ-0145,Encerramento - Projeto Infraestrutura 145,Encerramento,2024-10-06,2024-10-10,Concluído,4
PROJ-0146,Iniciação - Projeto Industrial 146,Iniciação,2023-11-26,2023-11-27,Concluído,1
PROJ-0146,Planejamento - Projeto Industrial 146,Planejamento,2023-12-08,,Atrasado,17
PROJ-0146,Execução - Projeto Industrial 146,Execução,2023-12-20,2023-12-28,Concluído,8
PROJ-0146,Monitoramento - Projeto Industrial 146,Monitoramento,2024-01-01,,Atrasado,5
PROJ-0146,Encerramento - Projeto Industrial 146,Encerramento,2024-01-14,2024-01-24,Concluído,10
PROJ-0147,Iniciação - Projeto Industrial 147,Iniciação,2023-08-23,2023-08-29,Concluído,6
PROJ-0147,Planejamento - Projeto Industrial 147,Planejamento,2023-09-07,,Atrasado,6
PROJ-0147,Execução - Projeto Industrial 147,Execução,2023-09-22,2023-09-25,Concluído,3
PROJ-0147,Monitoramento - Projeto Industrial 147,Monitoramento,2023-10-07,2023-10-15,Concluído,8
PROJ-0147,Encerramento - Projeto Industrial 147,Encerramento,2023-10-22,2023-10-27,Concluído,5
PROJ-0147,Encerramento - Projeto Industrial 147,Encerramento,2023-11-07,2023-11-16,Concluído,9
PROJ-0148,Iniciação - Projeto Industrial 148,Iniciação,2023-03-15,,Atrasado,19
PROJ-0148,Planejamento - Projeto Industrial 148,Planejamento,2023-05-14,2023-05-14,Concluído,0
PROJ-0148,Execução - Projeto Industrial 148,Execução,2023-07-13,2023-07-16,Concluído,3
PROJ-0148,Monitoramento - Projeto Industrial 148,Monitoramento,2023-09-12,2023-09-16,Concluído,4
PROJ-0148,Encerramento - Projeto Industrial 148,Encerramento,2023-11-11,2023-11-19,Concluído,8
PROJ-0148,Encerramento - Projeto Industrial 148,Encerramento,2024-01-11,2024-01-13,Concluído,2
PROJ-0149,Iniciação - Projeto Residencial 149,Iniciação,2023-05-16,2023-05-23,Concluído,7
PROJ-0149,Planejamento - Projeto Residencial 149,Planejamento,2023-08-07,,Atrasado,20
PROJ-0149,Execução - Projeto Residencial 149,Execução,2023-10-30,2023-10-31,Concluído,1
PROJ-0149,Monitoramento - Projeto Residencial 149,Monitoramento,2024-01-21,2024-01-21,Concluído,0
PROJ-0149,Encerramento - Projeto Residencial 149,Encerramento,2024-04-14,2024-04-24,Concluído,10
PROJ-0150,Iniciação - Projeto Infraestrutura 150,Iniciação,2023-03-13,2023-03-15,Concluído,2
PROJ-0150,Planejamento - Projeto Infraestrutura 150,Planejamento,2023-03-27,2023-03-31,Concluído,4
PROJ-0150,Execução - Projeto Infraestrutura 150,Execução,2023-04-10,2023-04-18,Concluído,8
PROJ-0150,Monitoramento - Projeto Infraestrutura 150,Monitoramento,2023-04-25,2023-04-25,Concluído,0
PROJ-0151,Iniciação - Projeto Industrial 151,Iniciação,2023-05-07,2023-05-08,Concluído,1
PROJ-0151,Planejamento - Projeto Industrial 151,Planejamento,2023-06-21,2023-06-24,Concluído,3
PROJ-0151,Execução - Projeto Industrial 151,Execução,2023-08-05,,Atrasado,8
PROJ-0151,Monitoramento - Projeto Industrial 151,Monitoramento,2023-09-20,,Atrasado,19
PROJ-0151,Encerramento - Projeto Industrial 151,Encerramento,2023-11-04,,Atrasado,8
PROJ-0151,Encerramento - Projeto Industrial 151,Encerramento,2023-12-20,2023-12-30,Concluído,10
PROJ-0152,Iniciação - Projeto Industrial 152,Iniciação,2024-01-17,2024-01-24,Concluído,7
PROJ-0152,Planejamento - Projeto Industrial 152,Planejamento,2024-01-27,2024-01-31,Concluído,4
PROJ-0152,Execução - Projeto Industrial 152,Execução,2024-02-06,2024-02-14,Concluído,8
PROJ-0152,Monitoramento - Projeto Industrial 152,Monitoramento,2024-02-16,2024-02-20,Concluído,4
PROJ-0153,Iniciação - Projeto Residencial 153,Iniciação,2023-10-15,,Atrasado,20
PROJ-0153,Planejamento - Projeto Residencial 153,Planejamento,2023-10-31,,Atrasado,20
PROJ-0153,Execução - Projeto Residencial 153,Execução,2023-11-17,2023-11-20,Concluído,3
PROJ-0153,Monitoramento - Projeto Residencial 153,Monitoramento,2023-12-03,2023-12-10,Concluído,7
PROJ-0153,Encerramento - Projeto Residencial 153,Encerramento,2023-12-20,,Atrasado,9
PROJ-0153,Encerramento - Projeto Residencial 153,Encerramento,2024-01-06,2024-01-12,Concluído,6
PROJ-0154,Iniciação - Projeto Industrial 154,Iniciação,2023-10-03,2023-10-12,Concluído,9
PROJ-0154,Planejamento - Projeto Industrial 154,Planejamento,2024-01-07,,Atrasado,9
PROJ-0154,Execução - Projeto Industrial 154,Execução,2024-04-12,2024-04-13,Concluído,1
PROJ-0154,Monitoramento - Projeto Industrial 154,Monitoramento,2024-07-17,2024-07-21,Concluído,4
PROJ-0155,Iniciação - Projeto Residencial 155,Iniciação,2023-05-15,2023-05-20,Concluído,5
PROJ-0155,Planejamento - Projeto Residencial 155,Planejamento,2023-06-18,,Atrasado,13
PROJ-0155,Execução - Projeto Residencial 155,Execução,2023-07-23,2023-07-23,Concluído,0
PROJ-0155,Monitoramento - Projeto Residencial 155,Monitoramento,2023-08-26,2023-08-30,Concluído,4
PROJ-0155,Encerramento - Projeto Residencial 155,Encerramento,2023-09-30,2023-10-04,Concluído,4
PROJ-0155,Encerramento - Projeto Residencial 155,Encerramento,2023-11-04,2023-11-13,Concluído,9
PROJ-0156,Iniciação - Projeto Comercial 156,Iniciação,2024-01-18,2024-01-20,Concluído,2
PROJ-0156,Planejamento - Projeto Comercial 156,Planejamento,2024-01-29,2024-02-05,Concluído,7
PROJ-0156,Execução - Projeto Comercial 156,Execução,2024-02-10,2024-02-18,Concluído,8
PROJ-0156,Monitoramento - Projeto Comercial 156,Monitoramento,2024-02-21,,Atrasado,20
PROJ-0156,Encerramento - Projeto Comercial 156,Encerramento,2024-03-04,2024-03-09,Concluído,5
PROJ-0156,Encerramento - Projeto Comercial 156,Encerramento,2024-03-16,2024-03-21,Concluído,5
PROJ-0157,Iniciação - Projeto Industrial 157,Iniciação,2023-10-27,2023-11-03,Concluído,7
PROJ-0157,Planejamento - Projeto Industrial 157,Planejamento,2024-01-10,2024-01-15,Concluído,5
PROJ-0157,Execução - Projeto Industrial 157,Execução,2024-03-26,2024-03-29,Concluído,3
PROJ-0157,Monitoramento - Projeto Industrial 157,Monitoramento,2024-06-10,2024-06-13,Concluído,3
PROJ-0157,Encerramento - Projeto Industrial 157,Encerramento,2024-08-25,2024-09-03,Concluído,9
PROJ-0157,Encerramento - Projeto Industrial 157,Encerramento,2024-11-09,2024-11-15,Concluído,6
PROJ-0158,Iniciação - Projeto Comercial 158,Iniciação,2023-08-08,2023-08-14,Concluído,6
PROJ-0158,Planejamento - Projeto Comercial 158,Planejamento,2023-10-31,2023-10-31,Concluído,0
PROJ-0158,Execução - Projeto Comercial 158,Execução,2024-01-23,,Atrasado,15
PROJ-0158,Monitoramento - Projeto Comercial 158,Monitoramento,2024-04-17,2024-04-24,Concluído,7
PROJ-0159,Iniciação - Projeto Residencial 159,Iniciação,2024-04-04,2024-04-10,Concluído,6
PROJ-0159,Planejamento - Projeto Residencial 159,Planejamento,2024-06-03,2024-06-13,Concluído,10
PROJ-0159,Execução - Projeto Residencial 159,Execução,2024-08-02,2024-08-12,Concluído,10
PROJ-0159,Monitoramento - Projeto Residencial 159,Monitoramento,2024-10-01,2024-10-03,Concluído,2
PROJ-0159,Encerramento - Projeto Residencial 159,Encerramento,2024-11-30,2024-12-07,Concluído,7
PROJ-0159,Encerramento - Projeto Residencial 159,Encerramento,2025-01-30,2025-01-30,Concluído,0
PROJ-0160,Iniciação - Projeto Infraestrutura 160,Iniciação,2023-10-26,2023-11-03,Concluído,8
PROJ-0160,Planejamento - Projeto Infraestrutura 160,Planejamento,2023-12-26,,Atrasado,15
PROJ-0160,Execução - Projeto Infraestrutura 160,Execução,2024-02-26,2024-02-27,Concluído,1
PROJ-0160,Monitoramento - Projeto Infraestrutura 160,Monitoramento,2024-04-28,,Atrasado,19
PROJ-0161,Iniciação - Projeto Industrial 161,Iniciação,2023-07-24,2023-08-01,Concluído,8
PROJ-0161,Planejamento - Projeto Industrial 161,Planejamento,2023-08-11,2023-08-18,Concluído,7
PROJ-0161,Execução - Projeto Industrial 161,Execução,2023-08-30,2023-08-30,Concluído,0
PROJ-0162,Iniciação - Projeto Residencial 162,Iniciação,2023-07-05,2023-07-11,Concluído,6
PROJ-0162,Planejamento - Projeto Residencial 162,Planejamento,2023-08-24,,Atrasado,9
PROJ-0162,Execução - Projeto Residencial 162,Execução,2023-10-13,2023-10-14,Concluído,1
PROJ-0162,Monitoramento - Projeto Residencial 162,Monitoramento,2023-12-03,,Atrasado,20
PROJ-0163,Iniciação - Projeto Infraestrutura 163,Iniciação,2023-04-23,2023-04-28,Concluído,5
PROJ-0163,Planejamento - Projeto Infraestrutura 163,Planejamento,2023-06-15,2023-06-24,Concluído,9
PROJ-0163,Execução - Projeto Infraestrutura 163,Execução,2023-08-07,2023-08-13,Concluído,6
PROJ-0163,Monitoramento - Projeto Infraestrutura 163,Monitoramento,2023-09-29,2023-10-09,Concluído,10
PROJ-0163,Encerramento - Projeto Infraestrutura 163,Encerramento,2023-11-21,,Atrasado,7
PROJ-0164,Iniciação - Projeto Infraestrutura 164,Iniciação,2023-03-12,2023-03-22,Concluído,10
PROJ-0164,Planejamento - Projeto Infraestrutura 164,Planejamento,2023-04-10,2023-04-18,Concluído,8
PROJ-0164,Execução - Projeto Infraestrutura 164,Execução,2023-05-10,2023-05-16,Concluído,6
PROJ-0164,Monitoramento - Projeto Infraestrutura 164,Monitoramento,2023-06-09,2023-06-14,Concluído,5
PROJ-0164,Encerramento - Projeto Infraestrutura 164,Encerramento,2023-07-09,2023-07-19,Concluído,10
PROJ-0165,Iniciação - Projeto Comercial 165,Iniciação,2023-09-18,2023-09-26,Concluído,8
PROJ-0165,Planejamento - Projeto Comercial 165,Planejamento,2023-10-24,,Atrasado,6
PROJ-0165,Execução - Projeto Comercial 165,Execução,2023-11-30,2023-12-09,Concluído,9
PROJ-0165,Monitoramento - Projeto Comercial 165,Monitoramento,2024-01-06,2024-01-07,Concluído,1
PROJ-0165,Encerramento - Projeto Comercial 165,Encerramento,2024-02-12,2024-02-15,Concluído,3
PROJ-0165,Encerramento - Projeto Comercial 165,Encerramento,2024-03-20,2024-03-30,Concluído,10
PROJ-0166,Iniciação - Projeto Residencial 166,Iniciação,2023-09-10,,Atrasado,12
PROJ-0166,Planejamento - Projeto Residencial 166,Planejamento,2023-11-02,2023-11-03,Concluído,1
PROJ-0166,Execução - Projeto Residencial 166,Execução,2023-12-26,2024-01-01,Concluído,6
PROJ-0166,Monitoramento - Projeto Residencial 166,Monitoramento,2024-02-18,2024-02-19,Concluído,1
PROJ-0166,Encerramento - Projeto Residencial 166,Encerramento,2024-04-12,2024-04-22,Concluído,10
PROJ-0167,Iniciação - Projeto Infraestrutura 167,Iniciação,2023-02-16,2023-02-23,Concluído,7
PROJ-0167,Planejamento - Projeto Infraestrutura 167,Planejamento,2023-08-07,,Atrasado,10
PROJ-0167,Execução - Projeto Infraestrutura 167,Execução,2024-01-27,2024-01-31,Concluído,4
PROJ-0168,Iniciação - Projeto Industrial 168,Iniciação,2024-01-22,,Atrasado,6
PROJ-0168,Planejamento - Projeto Industrial 168,Planejamento,2024-05-04,2024-05-09,Concluído,5
PROJ-0168,Execução - Projeto Industrial 168,Execução,2024-08-16,2024-08-16,Concluído,0
PROJ-0169,Iniciação - Projeto Industrial 169,Iniciação,2023-01-25,2023-01-30,Concluído,5
PROJ-0169,Planejamento - Projeto Industrial 169,Planejamento,2023-02-17,2023-02-22,Concluído,5
PROJ-0169,Execução - Projeto Industrial 169,Execução,2023-03-13,,Atrasado,18
PROJ-0169,Monitoramento - Projeto Industrial 169,Monitoramento,2023-04-05,2023-04-07,Concluído,2
PROJ-0169,Encerramento - Projeto Industrial 169,Encerramento,2023-04-29,,Atrasado,12
PROJ-0170,Iniciação - Projeto Comercial 170,Iniciação,2024-03-16,2024-03-25,Concluído,9
PROJ-0170,Planejamento - Projeto Comercial 170,Planejamento,2024-05-09,2024-05-19,Concluído,10
PROJ-0170,Execução - Projeto Comercial 170,Execução,2024-07-02,2024-07-04,Concluído,2
PROJ-0170,Monitoramento - Projeto Comercial 170,Monitoramento,2024-08-26,2024-08-28,Concluído,2
PROJ-0170,Encerramento - Projeto Comercial 170,Encerramento,2024-10-19,2024-10-21,Concluído,2
PROJ-0170,Encerramento - Projeto Comercial 170,Encerramento,2024-12-13,,Atrasado,7
PROJ-0171,Iniciação - Projeto Infraestrutura 171,Iniciação,2023-02-26,2023-03-07,Concluído,9
PROJ-0171,Planejamento - Projeto Infraestrutura 171,Planejamento,2023-03-21,2023-03-31,Concluído,10
PROJ-0171,Execução - Projeto Infraestrutura 171,Execução,2023-04-14,2023-04-17,Concluído,3
PROJ-0171,Monitoramento - Projeto Infraestrutura 171,Monitoramento,2023-05-08,,Atrasado,20
PROJ-0171,Encerramento - Projeto Infraestrutura 171,Encerramento,2023-06-01,2023-06-10,Concluído,9
PROJ-0171,Encerramento - Projeto Infraestrutura 171,Encerramento,2023-06-25,,Atrasado,9
PROJ-0172,Iniciação - Projeto Residencial 172,Iniciação,2023-03-20,2023-03-27,Concluído,7
PROJ-0172,Planejamento - Projeto Residencial 172,Planejamento,2023-06-13,2023-06-23,Concluído,10
PROJ-0172,Execução - Projeto Residencial 172,Execução,2023-09-07,2023-09-11,Concluído,4
PROJ-0172,Monitoramento - Projeto Residencial 172,Monitoramento,2023-12-02,2023-12-09,Concluído,7
PROJ-0173,Iniciação - Projeto Industrial 173,Iniciação,2023-11-18,2023-11-28,Concluído,10
PROJ-0173,Planejamento - Projeto Industrial 173,Planejamento,2024-01-12,2024-01-12,Concluído,0
PROJ-0173,Execução - Projeto Industrial 173,Execução,2024-03-07,2024-03-14,Concluído,7
PROJ-0173,Monitoramento - Projeto Industrial 173,Monitoramento,2024-05-01,2024-05-05,Concluído,4
PROJ-0173,Encerramento - Projeto Industrial 173,Encerramento,2024-06-26,2024-07-06,Concluído,10
PROJ-0174,Iniciação - Projeto Infraestrutura 174,Iniciação,2023-03-23,,Atrasado,7
PROJ-0174,Planejamento - Projeto Infraestrutura 174,Planejamento,2023-05-31,2023-06-07,Concluído,7
PROJ-0174,Execução - Projeto Infraestrutura 174,Execução,2023-08-08,,Atrasado,16
PROJ-0174,Monitoramento - Projeto Infraestrutura 174,Monitoramento,2023-10-17,2023-10-26,Concluído,9
PROJ-0175,Iniciação - Projeto Infraestrutura 175,Iniciação,2024-02-10,2024-02-20,Concluído,10
PROJ-0175,Planejamento - Projeto Infraestrutura 175,Planejamento,2024-04-07,2024-04-13,Concluído,6
PROJ-0175,Execução - Projeto Infraestrutura 175,Execução,2024-06-04,2024-06-08,Concluído,4
PROJ-0175,Monitoramento - Projeto Infraestrutura 175,Monitoramento,2024-07-31,2024-08-07,Concluído,7
PROJ-0175,Encerramento - Projeto Infraestrutura 175,Encerramento,2024-09-27,2024-10-01,Concluído,4
PROJ-0176,Iniciação - Projeto Comercial 176,Iniciação,2023-12-15,2023-12-21,Concluído,6
PROJ-0176,Planejamento - Projeto Comercial 176,Planejamento,2024-03-04,2024-03-11,Concluído,7
PROJ-0176,Execução - Projeto Comercial 176,Execução,2024-05-23,2024-05-24,Concluído,1
PROJ-0176,Monitoramento - Projeto Comercial 176,Monitoramento,2024-08-12,2024-08-15,Concluído,3
PROJ-0177,Iniciação - Projeto Industrial 177,Iniciação,2023-08-05,2023-08-14,Concluído,9
PROJ-0177,Planejamento - Projeto Industrial 177,Planejamento,2023-09-23,2023-09-28,Concluído,5
PROJ-0177,Execução - Projeto Industrial 177,Execução,2023-11-12,,Atrasado,14
PROJ-0177,Monitoramento - Projeto Industrial 177,Monitoramento,2024-01-01,,Atrasado,14
PROJ-0177,Encerramento - Projeto Industrial 177,Encerramento,2024-02-20,2024-02-20,Concluído,0
PROJ-0177,Encerramento - Projeto Industrial 177,Encerramento,2024-04-10,2024-04-20,Concluído,10
PROJ-0178,Iniciação - Projeto Industrial 178,Iniciação,2023-11-02,2023-11-06,Concluído,4
PROJ-0178,Planejamento - Projeto Industrial 178,Planejamento,2024-01-06,2024-01-06,Concluído,0
PROJ-0178,Execução - Projeto Industrial 178,Execução,2024-03-11,2024-03-20,Concluído,9
PROJ-0178,Monitoramento - Projeto Industrial 178,Monitoramento,2024-05-15,2024-05-25,Concluído,10
PROJ-0178,Encerramento - Projeto Industrial 178,Encerramento,2024-07-19,2024-07-19,Concluído,0
PROJ-0178,Encerramento - Projeto Industrial 178,Encerramento,2024-09-22,2024-10-01,Concluído,9
PROJ-0179,Iniciação - Projeto Residencial 179,Iniciação,2023-02-02,2023-02-06,Concluído,4
PROJ-0179,Planejamento - Projeto Residencial 179,Planejamento,2023-02-26,2023-03-01,Concluído,3
PROJ-0179,Execução - Projeto Residencial 179,Execução,2023-03-23,,Atrasado,16
PROJ-0179,Monitoramento - Projeto Residencial 179,Monitoramento,2023-04-17,2023-04-20,Concluído,3
PROJ-0179,Encerramento - Projeto Residencial 179,Encerramento,2023-05-12,2023-05-22,Concluído,10
PROJ-0179,Encerramento - Projeto Residencial 179,Encerramento,2023-06-06,,Atrasado,11
PROJ-0180,Iniciação - Projeto Industrial 180,Iniciação,2023-07-17,2023-07-27,Concluído,10
PROJ-0180,Planejamento - Projeto Industrial 180,Planejamento,2023-08-02,2023-08-12,Concluído,10
PROJ-0180,Execução - Projeto Industrial 180,Execução,2023-08-18,2023-08-28,Concluído,10
PROJ-0180,Monitoramento - Projeto Industrial 180,Monitoramento,2023-09-03,2023-09-05,Concluído,2
PROJ-0180,Encerramento - Projeto Industrial 180,Encerramento,2023-09-19,,Atrasado,8
PROJ-0181,Iniciação - Projeto Residencial 181,Iniciação,2023-07-15,2023-07-19,Concluído,4
PROJ-0181,Planejamento - Projeto Residencial 181,Planejamento,2023-12-19,,Atrasado,19
PROJ-0181,Execução - Projeto Residencial 181,Execução,2024-05-24,2024-05-24,Concluído,0
PROJ-0182,Iniciação - Projeto Industrial 182,Iniciação,2023-11-02,2023-11-04,Concluído,2
PROJ-0182,Planejamento - Projeto Industrial 182,Planejamento,2023-12-07,2023-12-08,Concluído,1
PROJ-0182,Execução - Projeto Industrial 182,Execução,2024-01-12,2024-01-16,Concluído,4
PROJ-0182,Monitoramento - Projeto Industrial 182,Monitoramento,2024-02-16,2024-02-21,Concluído,5
PROJ-0182,Encerramento - Projeto Industrial 182,Encerramento,2024-03-23,2024-03-29,Concluído,6
PROJ-0183,Iniciação - Projeto Comercial 183,Iniciação,2023-08-28,2023-08-31,Concluído,3
PROJ-0183,Planejamento - Projeto Comercial 183,Planejamento,2023-12-01,2023-12-03,Concluído,2
PROJ-0183,Execução - Projeto Comercial 183,Execução,2024-03-05,,Atrasado,16
PROJ-0183,Monitoramento - Projeto Comercial 183,Monitoramento,2024-06-08,2024-06-16,Concluído,8
PROJ-0184,Iniciação - Projeto Industrial 184,Iniciação,2023-09-28,2023-09-30,Concluído,2
PROJ-0184,Planejamento - Projeto Industrial 184,Planejamento,2023-11-23,2023-11-27,Concluído,4
PROJ-0184,Execução - Projeto Industrial 184,Execução,2024-01-19,,Atrasado,20
PROJ-0184,Monitoramento - Projeto Industrial 184,Monitoramento,2024-03-15,2024-03-19,Concluído,4
PROJ-0184,Encerramento - Projeto Industrial 184,Encerramento,2024-05-11,,Atrasado,15
PROJ-0185,Iniciação - Projeto Residencial 185,Iniciação,2023-05-09,2023-05-16,Concluído,7
PROJ-0185,Planejamento - Projeto Residencial 185,Planejamento,2023-11-10,2023-11-11,Concluído,1
PROJ-0185,Execução - Projeto Residencial 185,Execução,2024-05-13,2024-05-15,Concluído,2
PROJ-0186,Iniciação - Projeto Residencial 186,Iniciação,2023-10-11,,Atrasado,17
PROJ-0186,Planejamento - Projeto Residencial 186,Planejamento,2023-10-24,2023-11-01,Concluído,8
PROJ-0186,Execução - Projeto Residencial 186,Execução,2023-11-06,2023-11-11,Concluído,5
PROJ-0186,Monitoramento - Projeto Residencial 186,Monitoramento,2023-11-19,2023-11-20,Concluído,1
PROJ-0187,Iniciação - Projeto Comercial 187,Iniciação,2024-03-16,2024-03-16,Concluído,0
PROJ-0187,Planejamento - Projeto Comercial 187,Planejamento,2024-05-23,,Atrasado,13
PROJ-0187,Execução - Projeto Comercial 187,Execução,2024-07-30,2024-08-07,Concluído,8
PROJ-0187,Monitoramento - Projeto Comercial 187,Monitoramento,2024-10-06,,Atrasado,8
PROJ-0187,Encerramento - Projeto Comercial 187,Encerramento,2024-12-13,2024-12-20,Concluído,7
PROJ-0187,Encerramento - Projeto Comercial 187,Encerramento,2025-02-20,2025-02-25,Concluído,5
PROJ-0188,Iniciação - Projeto Industrial 188,Iniciação,2023-01-06,2023-01-15,Concluído,9
PROJ-0188,Planejamento - Projeto Industrial 188,Planejamento,2023-03-25,2023-03-31,Concluído,6
PROJ-0188,Execução - Projeto Industrial 188,Execução,2023-06-12,2023-06-22,Concluído,10
PROJ-0188,Monitoramento - Projeto Industrial 188,Monitoramento,2023-08-30,2023-09-04,Concluído,5
PROJ-0188,Encerramento - Projeto Industrial 188,Encerramento,2023-11-17,2023-11-18,Concluído,1
PROJ-0189,Iniciação - Projeto Industrial 189,Iniciação,2023-12-15,,Atrasado,20
PROJ-0189,Planejamento - Projeto Industrial 189,Planejamento,2024-03-20,,Atrasado,5
PROJ-0189,Execução - Projeto Industrial 189,Execução,2024-06-24,,Atrasado,15
PROJ-0189,Monitoramento - Projeto Industrial 189,Monitoramento,2024-09-28,,Atrasado,12
PROJ-0190,Iniciação - Projeto Comercial 190,Iniciação,2024-01-05,2024-01-15,Concluído,10
PROJ-0190,Planejamento - Projeto Comercial 190,Planejamento,2024-06-16,2024-06-23,Concluído,7
PROJ-0190,Execução - Projeto Comercial 190,Execução,2024-11-26,2024-11-30,Concluído,4
PROJ-0191,Iniciação - Projeto Industrial 191,Iniciação,2023-02-28,2023-03-01,Concluído,1
PROJ-0191,Planejamento - Projeto Industrial 191,Planejamento,2023-03-16,2023-03-18,Concluído,2
PROJ-0191,Execução - Projeto Industrial 191,Execução,2023-04-02,2023-04-02,Concluído,0
PROJ-0191,Monitoramento - Projeto Industrial 191,Monitoramento,2023-04-18,2023-04-18,Concluído,0
PROJ-0191,Encerramento - Projeto Industrial 191,Encerramento,2023-05-05,2023-05-09,Concluído,4
PROJ-0191,Encerramento - Projeto Industrial 191,Encerramento,2023-05-22,2023-05-29,Concluído,7
PROJ-0192,Iniciação - Projeto Industrial 192,Iniciação,2023-12-16,2023-12-17,Concluído,1
PROJ-0192,Planejamento - Projeto Industrial 192,Planejamento,2024-02-28,2024-03-02,Concluído,3
PROJ-0192,Execução - Projeto Industrial 192,Execução,2024-05-12,2024-05-20,Concluído,8
PROJ-0193,Iniciação - Projeto Residencial 193,Iniciação,2024-03-29,2024-04-04,Concluído,6
PROJ-0193,Planejamento - Projeto Residencial 193,Planejamento,2024-07-30,2024-08-06,Concluído,7
PROJ-0193,Execução - Projeto Residencial 193,Execução,2024-11-30,,Atrasado,16
PROJ-0193,Monitoramento - Projeto Residencial 193,Monitoramento,2025-04-03,2025-04-13,Concluído,10
PROJ-0194,Iniciação - Projeto Industrial 194,Iniciação,2023-10-02,2023-10-11,Concluído,9
PROJ-0194,Planejamento - Projeto Industrial 194,Planejamento,2023-10-26,,Atrasado,9
PROJ-0194,Execução - Projeto Industrial 194,Execução,2023-11-19,2023-11-25,Concluído,6
PROJ-0194,Monitoramento - Projeto Industrial 194,Monitoramento,2023-12-13,2023-12-23,Concluído,10
PROJ-0194,Encerramento - Projeto Industrial 194,Encerramento,2024-01-06,2024-01-07,Concluído,1
PROJ-0194,Encerramento - Projeto Industrial 194,Encerramento,2024-01-31,2024-02-07,Concluído,7
PROJ-0195,Iniciação - Projeto Industrial 195,Iniciação,2024-01-20,2024-01-24,Concluído,4
PROJ-0195,Planejamento - Projeto Industrial 195,Planejamento,2024-02-24,2024-02-24,Concluído,0
PROJ-0195,Execução - Projeto Industrial 195,Execução,2024-03-30,,Atrasado,16
PROJ-0195,Monitoramento - Projeto Industrial 195,Monitoramento,2024-05-04,2024-05-07,Concluído,3
PROJ-0195,Encerramento - Projeto Industrial 195,Encerramento,2024-06-08,2024-06-15,Concluído,7
PROJ-0195,Encerramento - Projeto Industrial 195,Encerramento,2024-07-13,2024-07-20,Concluído,7
PROJ-0196,Iniciação - Projeto Comercial 196,Iniciação,2023-05-17,2023-05-22,Concluído,5
PROJ-0196,Planejamento - Projeto Comercial 196,Planejamento,2023-08-22,2023-08-23,Concluído,1
PROJ-0196,Execução - Projeto Comercial 196,Execução,2023-11-27,2023-12-07,Concluído,10
PROJ-0196,Monitoramento - Projeto Comercial 196,Monitoramento,2024-03-04,,Atrasado,16
PROJ-0197,Iniciação - Projeto Comercial 197,Iniciação,2024-01-29,2024-01-29,Concluído,0
PROJ-0197,Planejamento - Projeto Comercial 197,Planejamento,2024-04-05,2024-04-11,Concluído,6
PROJ-0197,Execução - Projeto Comercial 197,Execução,2024-06-11,2024-06-15,Concluído,4
PROJ-0197,Monitoramento - Projeto Comercial 197,Monitoramento,2024-08-17,2024-08-20,Concluído,3
PROJ-0197,Encerramento - Projeto Comercial 197,Encerramento,2024-10-23,2024-10-24,Concluído,1
PROJ-0198,Iniciação - Projeto Infraestrutura 198,Iniciação,2023-11-25,2023-11-26,Concluído,1
PROJ-0198,Planejamento - Projeto Infraestrutura 198,Planejamento,2024-01-05,2024-01-15,Concluído,10
PROJ-0198,Execução - Projeto Infraestrutura 198,Execução,2024-02-15,2024-02-18,Concluído,3
PROJ-0198,Monitoramento - Projeto Infraestrutura 198,Monitoramento,2024-03-27,,Atrasado,5
PROJ-0198,Encerramento - Projeto Infraestrutura 198,Encerramento,2024-05-07,2024-05-07,Concluído,0
PROJ-0198,Encerramento - Projeto Infraestrutura 198,Encerramento,2024-06-18,,Atrasado,15
PROJ-0199,Iniciação - Projeto Residencial 199,Iniciação,2023-06-24,2023-06-26,Concluído,2
PROJ-0199,Planejamento - Projeto Residencial 199,Planejamento,2023-09-30,2023-10-09,Concluído,9
PROJ-0199,Execução - Projeto Residencial 199,Execução,2024-01-07,2024-01-10,Concluído,3
PROJ-0199,Monitoramento - Projeto Residencial 199,Monitoramento,2024-04-15,2024-04-16,Concluído,1
PROJ-0200,Iniciação - Projeto Industrial 200,Iniciação,2023-02-27,2023-03-08,Concluído,9
PROJ-0200,Planejamento - Projeto Industrial 200,Planejamento,2023-06-10,2023-06-13,Concluído,3
PROJ-0200,Execução - Projeto Industrial 200,Execução,2023-09-22,2023-09-25,Concluído,3
PROJ-0200,Monitoramento - Projeto Industrial 200,Monitoramento,2024-01-04,2024-01-09,Concluído,5
