id_projeto,categoria_recurso,alocacao_percentual,valor_orcado,valor_realizado
PROJ-0001,Consultoria,8.697078397896533,20458.137515372015,22390.01484799245
PROJ-0001,Recursos Humanos,71.49450853057002,168176.53241645984,178591.64269326636
PROJ-0001,Materiais,3.301006688149008,7764.958032532912,8589.705405997835
PROJ-0001,Infraestrutura,16.507406383384424,38830.37203563518,42681.934354187826
PROJ-0002,Consultoria,71.6452514715458,1337341.7272081093,1378187.2394442025
PROJ-0002,Materiais,5.8392788376874885,108996.9130688887,113077.81006350608
PROJ-0002,Equipamentos,6.973843797826247,130174.88414523238,135394.36676107213
PROJ-0002,Recursos Humanos,15.541625892940456,290102.4755777694,300583.89527531684
PROJ-0003,Equipamentos,60.713362796087885,550512.9529508753,626326.6412268368
PROJ-0003,Recursos Humanos,30.87529248272206,279958.93581075885,340238.1935847671
PROJ-0003,Materiais,8.411344721190058,76269.11123836595,85781.14328425801
PROJ-0004,Consultoria,3.619846037923238,13361.358504419979,14051.815429459357
PROJ-0004,Materiais,28.265880352802746,104333.32160544433,109806.94815499261
PROJ-0004,Recursos Humanos,64.13740745324267,236740.15014696217,246041.89791755265
PROJ-0004,Software,3.9768661560313325,14679.169743173494,15006.403848784079
PROJ-0005,Recursos Humanos,3.29391794724943,48855.19335852671,49160.10221978808
PROJ-0005,Equipamentos,21.098919108172296,312937.902277265,314882.5450469905
PROJ-0005,Software,21.3561749789015,316753.5059165683,320621.4854703776
PROJ-0005,Materiais,39.24845042407939,582130.66178292,586111.1819790828
PROJ-0005,Infraestrutura,15.002537541597372,222516.73666471973,224360.03304547037
PROJ-0006,Software,68.21649377356547,753251.9815672119,807961.553299403
PROJ-0006,Infraestrutura,2.5612547625106252,28281.579988023324,30045.527740266018
PROJ-0006,Materiais,29.222251463923886,322674.4384447647,339101.67348944535
PROJ-0007,Software,39.72972462542001,787263.5637205177,857494.8460304239
PROJ-0007,Consultoria,51.18600709705954,1014275.2999116413,1077148.9574101088
PROJ-0007,Equipamentos,9.084268277520446,180009.13636784084,192694.02115421926
PROJ-0008,Infraestrutura,39.07618049780755,98259.40043256695,99510.92091731001
PROJ-0008,Consultoria,27.9490519034625,70279.56795437066,71080.3606564268
PROJ-0008,Materiais,32.97476759872996,82917.03161306241,85227.771292494
PROJ-0009,Infraestrutura,7.796628320104544,152270.10024872178,168742.2215579892
PROJ-0009,Recursos Humanos,5.393802737716421,105342.31591828614,109900.97467502269
PROJ-0009,Consultoria,20.492452852056314,400222.72731387283,417821.6890107864
PROJ-0009,Equipamentos,28.76241657943599,561737.1864005297,612226.9873256591
PROJ-0009,Materiais,31.52088838420175,615610.8303655563,643343.1807235846
PROJ-0009,Software,6.0338111264849825,117841.83975303333,125615.71667258986
PROJ-0010,Software,64.70414443548226,622655.7463999781,656711.6182255124
PROJ-0010,Infraestrutura,23.82901413753236,229309.46252717043,244680.13846090407
PROJ-0010,Recursos Humanos,11.466841426985377,110346.79107285153,117880.94001659434
PROJ-0011,Materiais,43.34257147016789,543579.1263902518,602097.2609530515
PROJ-0011,Consultoria,39.34403392757001,493431.6277412622,517678.35023040517
PROJ-0011,Equipamentos,17.313394602262104,217135.24586848606,230256.35270204904
PROJ-0012,Equipamentos,28.353208704866056,105146.74035364758,106162.72418273425
PROJ-0012,Materiais,7.648473942027811,28364.059675052456,28730.50506611316
PROJ-0012,Consultoria,63.998317353106124,237335.19997129994,239476.6921923199
PROJ-0013,Consultoria,8.830269126016898,8865.943413286006,9345.153381176231
PROJ-0013,Infraestrutura,7.7034329702105335,7734.554839410183,8356.363034229142
PROJ-0013,Materiais,20.262852712247785,20344.714637205263,22389.442760398568
PROJ-0013,Equipamentos,12.655719912994675,12706.849021443175,14263.081019036475
PROJ-0013,Software,45.93760716144858,46123.19509438084,49635.83246271614
PROJ-0013,Recursos Humanos,4.6101181170815515,4628.742994274561,5109.395404978436
PROJ-0014,Infraestrutura,12.134669827210748,128439.04874601735,140650.58312845806
PROJ-0014,Consultoria,27.031211754979704,286111.0498842301,319743.80820862716
PROJ-0014,Equipamentos,60.834118417809535,643896.9013697525,768893.0496473256
PROJ-0015,Software,31.046773110222396,249394.3818461811,270084.6924044944
PROJ-0015,Equipamentos,12.723316670118331,102204.62154672675,107856.85211008955
PROJ-0015,Infraestrutura,11.122711017821226,89347.1804266154,93734.3480728146
PROJ-0015,Consultoria,5.124231116691009,41162.23116802254,43367.069516435084
PROJ-0015,Materiais,11.141138905167947,89495.2090657674,93691.02584843348
PROJ-0015,Recursos Humanos,28.84182917997909,231682.37594668684,241342.33756325874
PROJ-0016,Infraestrutura,28.734304144088778,409027.93465939927,435774.7245106415
PROJ-0016,Recursos Humanos,6.360454034989906,90539.98191089535,95757.39616363979
PROJ-0016,Materiais,9.977818140769825,142032.54500477453,153569.0553893659
PROJ-0016,Equipamentos,41.923061763298655,596767.6572800565,625525.5127912037
PROJ-0016,Software,9.512729944038576,135412.09358929863,148972.48583362484
PROJ-0016,Consultoria,3.4916319728142584,49702.78755557559,55294.28562517671
PROJ-0017,Equipamentos,25.715432021446,468617.46081321477,485376.9110984662
PROJ-0017,Software,14.386395130036359,262166.15573367855,276333.11037562223
PROJ-0017,Recursos Humanos,37.25622869514507,678927.7067573676,701898.7873447897
PROJ-0017,Consultoria,22.44143441197975,408954.74757638935,417709.8990239167
PROJ-0017,Materiais,0.20050974139282665,3653.929119349759,3836.0672021196356
PROJ-0018,Software,63.1330282733255,514824.5923576601,568259.9438792561
PROJ-0018,Recursos Humanos,6.823621740852481,55643.90584795564,65820.35063093755
PROJ-0018,Materiais,30.043349985822022,244991.50179438424,273344.9975029952
PROJ-0019,Consultoria,9.50505103820983,93584.26120894405,94428.74036181129
PROJ-0019,Recursos Humanos,46.61460310821334,458955.26240666036,462617.7568721171
PROJ-0019,Materiais,16.175808351679713,159262.803320467,161055.27123025616
PROJ-0019,Software,27.704537501897143,272771.6730639288,274557.9390249294
PROJ-0020,Software,24.681023371226683,447663.4146663747,570502.1120787963
PROJ-0020,Materiais,12.398665304719783,224886.49535039524,288787.33721787663
PROJ-0020,Infraestrutura,62.920311324053536,1141246.08998323,1347301.031903688
PROJ-0021,Materiais,10.564754040802105,35430.48738893598,36681.193653458744
PROJ-0021,Consultoria,21.22970644075866,71197.00500505029,76366.24807397753
PROJ-0021,Infraestrutura,68.20553951843922,228737.5076060137,238365.82149069916
PROJ-0022,Recursos Humanos,52.37715708803439,231918.71878382395,246239.5381646619
PROJ-0022,Consultoria,22.452908398720933,99418.33498236047,104998.35365771894
PROJ-0022,Equipamentos,20.351693042864504,90114.44755677803,93504.3538604335
PROJ-0022,Infraestrutura,4.70971510301753,20853.959116047197,22321.568332958024
PROJ-0022,Software,0.10852636736264937,480.53956099038066,510.9155198822869
PROJ-0023,Recursos Humanos,17.129107482137616,205410.20143289646,211054.31036458266
PROJ-0023,Materiais,16.517674526097696,198077.97079602047,205567.48922288365
PROJ-0023,Consultoria,2.1896638728729747,26258.186403827967,27296.03338960299
PROJ-0023,Infraestrutura,64.16355411889172,769441.6413672552,809854.6491235237
PROJ-0024,Consultoria,3.623404864847334,32973.20167440263,37198.05257687786
PROJ-0024,Equipamentos,19.407482116128705,176609.25170569817,200412.05179628913
PROJ-0024,Software,34.332750724103846,312430.0915543884,327401.92803468334
PROJ-0024,Materiais,8.400006617125328,76440.5642162375,81501.1543440436
PROJ-0024,Recursos Humanos,34.23635567779478,311552.8908492732,334273.70804533083
PROJ-0025,Recursos Humanos,7.702629603842658,150858.46563273168,151683.6501268711
PROJ-0025,Equipamentos,4.194976181799438,82159.95091292018,82849.1192797219
PROJ-0025,Materiais,3.4404231275861834,67381.78788917622,67991.69316769775
PROJ-0025,Software,46.745132262753216,915518.3738083458,922284.1876583267
PROJ-0025,Consultoria,37.916838824018505,742613.4217568261,750996.5834044354
PROJ-0026,Materiais,16.72219377341355,50207.38347304778,52150.38105098615
PROJ-0026,Recursos Humanos,31.074627428201122,93299.70437552818,98398.79534501795
PROJ-0026,Equipamentos,22.080590442451335,66295.64796803358,69574.72106009783
PROJ-0026,Consultoria,12.788651567792641,38397.15901320334,39613.0904242873
PROJ-0026,Software,17.33393678814136,52044.10517018715,53976.35779138738
PROJ-0027,Equipamentos,10.818527431207029,210520.32173044106,225473.99096152573
PROJ-0027,Recursos Humanos,80.96693563352278,1575555.032557272,1698829.4072835888
PROJ-0027,Consultoria,8.214536935270191,159848.6457122871,176590.68877769695
PROJ-0028,Software,2.072571869751769,23904.733059936443,25027.335532858473
PROJ-0028,Infraestrutura,50.695684891117075,584716.4251814107,596800.4197325492
PROJ-0028,Consultoria,33.05217957700789,381218.8814142725,394011.74496733985
PROJ-0028,Equipamentos,14.179563662123265,163544.9603443804,172020.90838611306
PROJ-0029,Materiais,5.076014160992413,13363.774762069555,13363.774762069555
PROJ-0029,Infraestrutura,20.87838429736508,54967.14869120197,54967.14869120197
PROJ-0029,Consultoria,55.39862430128591,145849.62015672447,145849.62015672447
PROJ-0029,Software,18.64697724035659,49092.45639000401,49092.45639000401
PROJ-0030,Recursos Humanos,55.901098291567166,1038232.0921958578,1052319.1922349418
PROJ-0030,Equipamentos,14.990325422378199,278410.2173591867,281102.1047765537
PROJ-0030,Consultoria,29.108576286054628,540623.6904449554,545271.5396899029
PROJ-0031,Infraestrutura,29.343241788417,379438.6332956918,417656.21920069546
PROJ-0031,Recursos Humanos,48.265533969197136,624123.5503770469,658853.659081157
PROJ-0031,Materiais,22.39122424238586,289541.8163272613,309312.4416276556
PROJ-0032,Infraestrutura,12.8614908460758,212927.12555312327,215185.92413008664
PROJ-0032,Software,10.624142081968307,175886.92182381812,180202.7538733712
PROJ-0032,Consultoria,18.11802442427777,299951.1415536882,308193.8809380767
PROJ-0032,Materiais,52.26338342807922,865241.2180052227,877713.0227191076
PROJ-0032,Equipamentos,5.06151906209803,83795.47268065774,84898.97197089733
PROJ-0032,Recursos Humanos,1.071440157500872,17738.12038348994,17937.569615363813
PROJ-0033,Equipamentos,33.62683878077431,537420.438442069,593083.7549475435
PROJ-0033,Consultoria,7.251810705321406,115897.64099326912,127528.64340726889
PROJ-0033,Recursos Humanos,9.984624844678397,159573.1759589172,169276.8988196288
PROJ-0033,Infraestrutura,13.58080344400523,217046.90675371274,236838.78262919004
PROJ-0033,Materiais,35.555922225220655,568250.8378520317,630408.553170942
PROJ-0034,Materiais,93.9189606755753,1115138.3268749826,1127969.1404372181
PROJ-0034,Consultoria,5.832364933421262,69250.06012413335,70463.1168416078
PROJ-0034,Software,0.24867439100344746,2952.613000884243,3030.594146787901
PROJ-0035,Recursos Humanos,0.42950674380915255,8504.723165109162,9274.994622923896
PROJ-0035,Equipamentos,36.56168655028742,723963.0740183583,797971.0536243757
PROJ-0035,Software,23.928830279104634,473818.11839278997,542367.2034190032
PROJ-0035,Materiais,3.2303623494222817,63964.857131639525,71806.06066026562
PROJ-0035,Infraestrutura,35.8496140773765,709863.227292103,763072.9360758495
PROJ-0036,Equipamentos,56.932276111470394,833859.7207121734,862838.6716421013
PROJ-0036,Materiais,17.672506357806178,258840.71781973535,267336.7768374593
PROJ-0036,Infraestrutura,25.395217530723436,371951.5614680914,383544.13227424916
PROJ-0037,Materiais,5.101656885169422,52781.94620023826,55701.73037217481
PROJ-0037,Infraestrutura,13.04793936888417,134994.5026280504,145029.38212409595
PROJ-0037,Consultoria,66.9585727194136,692756.0716979619,722430.5693118983
PROJ-0037,Recursos Humanos,14.891831026532824,154071.47947374964,166037.50446158813
PROJ-0038,Software,12.48712152922445,117818.86366618439,117818.86366618439
PROJ-0038,Infraestrutura,23.332586934220036,220148.3242193609,220148.3242193609
PROJ-0038,Equipamentos,64.18029153655552,605555.8121144547,605555.8121144547
PROJ-0039,Software,29.734676199858622,192156.47943368036,205905.26227560165
PROJ-0039,Consultoria,12.919917938044897,83493.29008528321,85791.47375559874
PROJ-0039,Equipamentos,56.20589889181479,363223.31482149713,382243.5898607779
PROJ-0039,Materiais,1.1395069702816987,7363.915659539341,7875.870153071836
PROJ-0040,Recursos Humanos,4.987720331130135,67320.65787095616,73018.01226861922
PROJ-0040,Software,10.459046486220625,141168.67895753594,151916.39950046738
PROJ-0040,Infraestrutura,6.415687799484612,86594.33462222767,94599.23833351479
PROJ-0040,Equipamentos,49.740867990194054,671366.4227066864,713299.0919303584
PROJ-0040,Consultoria,28.39667739297057,383277.9058425938,408700.20419175597
PROJ-0041,Recursos Humanos,32.28352999391561,467615.3098910697,476707.8691183552
PROJ-0041,Materiais,10.917460773230966,158135.48901437217,161971.483946237
PROJ-0041,Software,1.6281564554556007,23583.260120950414,24004.41438347032
PROJ-0041,Consultoria,1.9045166284329884,27586.2377368656,28004.837348245004
PROJ-0041,Equipamentos,3.0223170328739837,43777.17418704782,44518.927768833295
PROJ-0041,Infraestrutura,50.244019116090854,727766.5290496942,746603.7809178719
PROJ-0042,Recursos Humanos,14.688955492610376,117644.28520898128,129522.35819912906
PROJ-0042,Software,41.53156894535357,332627.5816304051,362621.9628272972
PROJ-0042,Infraestrutura,17.040407732580015,136477.1367424653,141483.51207521782
PROJ-0042,Equipamentos,12.638243340571423,101220.07006193674,108547.36853670471
PROJ-0042,Consultoria,14.100824488884594,112933.92635621139,122328.18694212138
PROJ-0043,Infraestrutura,15.057834618913624,28940.10408912866,29803.93546543941
PROJ-0043,Materiais,2.6134770876472233,5022.920019061828,5162.483568654467
PROJ-0043,Recursos Humanos,22.009863087487425,42301.416163734706,43632.269055148354
PROJ-0043,Equipamentos,34.01671934810283,65377.75341669927,67200.94635488724
PROJ-0043,Software,2.945101858703584,5660.279615298179,6040.936882713152
PROJ-0043,Consultoria,23.357003999145327,44890.52669607737,46145.329467789874
PROJ-0044,Consultoria,14.971277671337127,177374.15847726387,196556.7611561911
PROJ-0044,Software,5.173608965918373,61295.00479288349,67753.9833342781
PROJ-0044,Recursos Humanos,16.53754501087561,195930.71439720024,203982.08247661835
PROJ-0044,Equipamentos,4.483248082293588,53115.86447722397,59046.681432970414
PROJ-0044,Materiais,52.0761600844089,616979.0765008454,643086.8825860209
PROJ-0044,Infraestrutura,6.75816018516641,80068.18135458312,84805.9487824339
PROJ-0045,Materiais,1.1945737634439246,7238.519719588461,7723.779397806638
PROJ-0045,Equipamentos,14.847691454017742,89969.5863656205,98646.18147663826
PROJ-0045,Recursos Humanos,26.16873174311141,158569.4299973836,167290.805188265
PROJ-0045,Infraestrutura,57.78900303942691,350172.4639174074,385206.4753549592
PROJ-0046,Consultoria,42.781439473031824,550548.782991315,565569.1440124811
PROJ-0046,Infraestrutura,24.626817114084336,316919.30795492645,329759.1400663421
PROJ-0046,Equipamentos,32.591743412883844,419418.90905375854,441980.25042976113
PROJ-0047,Materiais,1.7602979470808677,17794.6055053279,19316.220216309965
PROJ-0047,Equipamentos,26.04683987937877,263303.85778305685,297092.18412318674
PROJ-0047,Consultoria,22.542999968476618,227884.03066133455,251674.9891275171
PROJ-0047,Recursos Humanos,43.71003154985312,441858.5895330482,477202.48569261783
PROJ-0047,Infraestrutura,5.939830655210613,60044.91651723235,63457.09586071657
PROJ-0048,Equipamentos,8.725369079817963,78608.68236758679,81085.68426916552
PROJ-0048,Infraestrutura,24.943602894848695,224722.15663629983,231557.9042777036
PROJ-0048,Consultoria,36.293336316105425,326974.2884724201,338648.4782603797
PROJ-0048,Materiais,3.8077710799848847,34305.00929151062,35681.44591509858
PROJ-0048,Recursos Humanos,26.229920629243043,236310.86323218272,242145.3053060639
PROJ-0049,Infraestrutura,76.49785469989732,465223.9982930665,479635.0297029001
PROJ-0049,Software,6.093422894869866,37057.334137837934,38410.51831465594
PROJ-0049,Consultoria,6.610921809965234,40204.51931495787,41423.543986680124
PROJ-0049,Materiais,10.797800595267582,65667.14825413766,70006.93385020988
PROJ-0050,Infraestrutura,2.5843990611013017,34570.60170068072,37192.138481195
PROJ-0050,Consultoria,23.75910895423667,317817.28479268996,337154.85054960585
PROJ-0050,Materiais,0.8480775997224511,11344.437224327325,12215.25789603878
PROJ-0050,Software,51.24015679745598,685421.6434246895,727472.1300134669
PROJ-0050,Equipamentos,21.45046320529395,286935.3386350953,306579.359870095
PROJ-0050,Recursos Humanos,0.11779438218963734,1575.6942225170121,1697.3061439758148
PROJ-0051,Recursos Humanos,14.461707454942474,99231.17495820603,108091.35598503803
PROJ-0051,Software,0.07550914212618796,518.1173050701576,587.4330412572353
PROJ-0051,Consultoria,52.81426838654454,362393.02467453334,387776.51411947724
PROJ-0051,Materiais,13.35064306112708,91607.43996038262,98989.86774914186
PROJ-0051,Equipamentos,19.08077016670488,130925.56661437055,144914.58368136222
PROJ-0051,Infraestrutura,0.21710178855483842,1489.676487437307,1665.9520365480382
PROJ-0052,Materiais,14.646053495720505,232127.79168276855,256720.11722712684
PROJ-0052,Consultoria,10.046629319423682,159230.73601053024,168101.78562338796
PROJ-0052,Recursos Humanos,75.30731718485582,1193558.4723067014,1254672.8543238188
PROJ-0053,Software,19.4494147418213,284086.32047323347,311707.78603568004
PROJ-0053,Infraestrutura,7.3166552974193095,106870.14026933136,113463.1067322427
PROJ-0053,Recursos Humanos,8.624486727672968,125972.875428817,138674.2490315663
PROJ-0053,Consultoria,61.8475194305366,903370.8447605785,991714.109162801
PROJ-0053,Equipamentos,2.761923802549819,40341.81906803973,41979.34805081208
PROJ-0054,Recursos Humanos,13.014603024614207,93491.96257967911,95257.83057609193
PROJ-0054,Infraestrutura,2.744015442287142,19711.964211522758,20028.649902588135
PROJ-0054,Software,36.79145576148249,264295.8374373008,270726.7170496036
PROJ-0054,Equipamentos,37.53920142654199,269667.35815173556,274298.41697802185
PROJ-0054,Consultoria,9.910724345074168,71194.8776197617,72288.13544498195
PROJ-0055,Consultoria,17.238414911832827,135736.83047311375,141701.68270464343
PROJ-0055,Equipamentos,2.9219949996544528,23008.05160682913,24575.772384693722
PROJ-0055,Materiais,41.807720305648274,329197.75238150207,358686.17038360506
PROJ-0055,Software,0.38605205403210585,3039.8086181336644,3272.849616223035
PROJ-0055,Infraestrutura,31.495545835312626,247998.7625063768,258799.2023405459
PROJ-0055,Recursos Humanos,6.150271893519703,48427.794414044554,50392.09768540077
PROJ-0056,Software,73.24765212721213,484473.88822328526,543869.9160587912
PROJ-0056,Recursos Humanos,21.385207455702393,141445.8253014322,158199.84451420972
PROJ-0056,Materiais,5.367140417085473,35499.28647528256,40240.27201558579
PROJ-0057,Consultoria,55.058878359195575,407464.8810635776,441943.8061939545
PROJ-0057,Equipamentos,43.70476752537519,323438.4432145648,371843.479640921
PROJ-0057,Recursos Humanos,1.2363541154292363,9149.675721857528,10470.953808280183
PROJ-0058,Infraestrutura,24.25917758756658,232983.92859211005,250530.29252075692
PROJ-0058,Software,20.02337204589808,192303.46396020285,214246.5038098029
PROJ-0058,Consultoria,22.350811726764775,214656.07828326256,247443.06799902476
PROJ-0058,Materiais,33.36663863977055,320451.5291644244,379200.6818328264
PROJ-0059,Materiais,6.774803047373195,120574.42173956348,127565.19705879448
PROJ-0059,Infraestrutura,28.026829232916988,498806.93273625546,550892.1019677836
PROJ-0059,Consultoria,44.37595422324062,789780.1577690404,858971.9583697021
PROJ-0059,Equipamentos,20.822413496469228,370586.48775514116,428865.4587073818
PROJ-0060,Materiais,4.441921762479365,10035.056388140505,10130.898766714367
PROJ-0060,Consultoria,35.27518811193946,79692.64672685027,80221.45030816783
PROJ-0060,Recursos Humanos,1.8076227443022705,4083.7270752453605,4116.5652986045925
PROJ-0060,Infraestrutura,19.721473929955817,44554.16225833828,45053.661789427264
PROJ-0060,Equipamentos,26.946985196596764,60877.82054659551,61365.93894574516
PROJ-0060,Software,11.806808254726327,26673.587004830075,27046.94869269355
PROJ-0061,Recursos Humanos,26.424509639364928,240652.5014523351,246179.50198136095
PROJ-0061,Consultoria,15.412551664561844,140364.7281429477,145867.47564839185
PROJ-0061,Software,1.0551047893172283,9609.018684126182,9825.742441981243
PROJ-0061,Equipamentos,18.47780625320948,168280.52277504178,174963.34480061982
PROJ-0061,Materiais,38.63002765354652,351810.2289455493,357987.3306232589
PROJ-0062,Materiais,59.81366389958269,866308.80854305,874382.8981116149
PROJ-0062,Recursos Humanos,20.56515108892632,297854.5431904208,302319.5302251957
PROJ-0062,Equipamentos,10.46041870903557,151503.05595556833,152594.37396951136
PROJ-0062,Software,9.160766302455427,132679.59231096107,133479.93770144557
PROJ-0063,Infraestrutura,23.752499963364336,189584.85390758587,205631.29693132985
PROJ-0063,Software,18.10655729956695,144520.74626680755,152634.1877822275
PROJ-0063,Equipamentos,20.0579101245384,160095.82008282567,166138.6643016727
PROJ-0063,Materiais,29.68973335210492,236973.9509018288,254637.49757684913
PROJ-0063,Recursos Humanos,8.393299260425408,66992.62884095227,71587.40277823654
PROJ-0064,Consultoria,8.460710083852305,49214.25841575208,51084.99346371199
PROJ-0064,Software,21.665385368305916,126023.21361036185,132727.87377782105
PROJ-0064,Materiais,5.536475722546022,32204.5719829057,34757.38156190032
PROJ-0064,Recursos Humanos,13.122868932109213,76333.10400429288,83063.3521037569
PROJ-0064,Infraestrutura,51.21455989318653,297904.8519866874,314955.6054553055
PROJ-0065,Consultoria,10.1555228791891,108803.73324691222,108803.73324691222
PROJ-0065,Materiais,12.191503038158775,130616.71567507356,130616.71567507356
PROJ-0065,Recursos Humanos,38.67496255603957,414353.8800847689,414353.8800847689
PROJ-0065,Equipamentos,28.049180040768245,300511.90266178077,300511.90266178077
PROJ-0065,Infraestrutura,2.685959127416926,28776.69460136309,28776.69460136309
PROJ-0065,Software,8.24287235842739,88312.07373010143,88312.07373010143
PROJ-0066,Materiais,20.587064738750378,78507.12441604547,82223.82507027444
PROJ-0066,Software,42.75839616192261,163055.72309179892,178460.6185211949
PROJ-0066,Equipamentos,34.86911332518918,132970.57413654294,147643.33940165484
PROJ-0066,Recursos Humanos,1.785425774137845,6808.578355612741,7361.013881739408
PROJ-0067,Equipamentos,19.748203940166547,126298.05844301994,126298.05844301994
PROJ-0067,Recursos Humanos,7.506438019963289,48006.82384163362,48006.82384163362
PROJ-0067,Materiais,37.22639087112902,238078.40470503597,238078.40470503597
PROJ-0067,Consultoria,35.51896716874115,227158.71301031052,227158.71301031052
PROJ-0068,Infraestrutura,19.54458144421457,233130.50370799357,248855.98267830166
PROJ-0068,Materiais,37.9311034487048,452447.51229063375,493122.08710406465
PROJ-0068,Equipamentos,42.524315107080625,507235.98400137265,558609.6630099923
PROJ-0069,Equipamentos,3.1122558274079366,3151.221270367084,3187.832497167328
PROJ-0069,Infraestrutura,4.907297516938809,4968.736881850883,5034.16969535899
PROJ-0069,Consultoria,25.923819820522432,26248.38604467537,26576.371588176236
PROJ-0069,Materiais,3.992500179042916,4042.4862812845336,4090.9772890879494
PROJ-0069,Recursos Humanos,23.712634810480733,24009.51699830795,24203.25725144001
PROJ-0069,Software,38.351491845607164,38831.65252351417,39047.98146103875
PROJ-0070,Software,25.81177857757913,239067.66071439482,247634.47314117162
PROJ-0070,Materiais,67.5425444735151,625576.3452119179,653588.6943678199
PROJ-0070,Equipamentos,6.645676948905792,61551.994073687485,66790.16201131993
PROJ-0071,Consultoria,28.998559243761292,279586.9990783925,285585.5970411655
PROJ-0071,Materiais,32.81252902369689,316359.0454543614,320390.8968911878
PROJ-0071,Software,5.480433413269067,52839.10551502651,54358.40042727465
PROJ-0071,Recursos Humanos,16.37467270249784,157874.93314058968,160564.9002524848
PROJ-0071,Infraestrutura,10.740313045905031,103551.76160391922,105511.2700488468
PROJ-0071,Equipamentos,5.593492570869894,53929.155207710704,55192.88813667446
PROJ-0072,Equipamentos,10.924779486087374,178513.73724533408,217992.18342698648
PROJ-0072,Materiais,7.888085814303476,128893.37310803052,158071.74344390768
PROJ-0072,Software,26.80901182246741,438066.22352219134,528049.4202067059
PROJ-0072,Infraestrutura,0.6802856667351684,11116.044668726005,13522.743433813188
PROJ-0072,Consultoria,34.296184945765134,560408.5790218882,693089.5917266026
PROJ-0072,Recursos Humanos,19.401652264641438,317028.0424338299,396482.80544549186
PROJ-0073,Equipamentos,17.291639598897998,71903.13327851359,76396.14492066576
PROJ-0073,Infraestrutura,27.099534634776546,112686.91089040591,124242.3352481435
PROJ-0073,Consultoria,2.7938437806046306,11617.52883913701,12325.606734221525
PROJ-0073,Software,6.820402967699903,28361.008844467797,30354.371536460178
PROJ-0073,Recursos Humanos,39.275022831996566,163315.75644137803,187785.66255334712
PROJ-0073,Materiais,6.719556186024338,27941.661706097562,30851.401961640957
PROJ-0074,Consultoria,3.385850977105881,49779.255084547454,51111.7458243406
PROJ-0074,Recursos Humanos,53.23924638653682,782730.8538693584,801760.9307048906
PROJ-0074,Infraestrutura,34.43001976926768,506194.9708505411,518211.4465523991
PROJ-0074,Equipamentos,5.888406674283334,86572.17930224797,88984.27715429186
PROJ-0074,Software,3.056476192806285,44936.740893304996,46005.71148448166
PROJ-0075,Materiais,10.095111256892979,71231.6097841997,76017.29631786999
PROJ-0075,Software,35.80008609911727,252607.19751967644,261358.69635741776
PROJ-0075,Equipamentos,11.039368555848048,77894.33649849161,82627.9848108373
PROJ-0075,Consultoria,43.06543408814171,303871.85619763227,319247.1820481986
PROJ-0076,Equipamentos,23.303548443331852,99589.81159193857,111034.71629453685
PROJ-0076,Software,53.93457617926168,230494.26541393093,242335.0391612472
PROJ-0076,Materiais,22.761875377406458,97274.92299413047,107433.82400468925
PROJ-0077,Software,47.85637378274678,838180.9371816564,935430.5125396182
PROJ-0077,Recursos Humanos,32.278249875268905,565337.730222896,601516.5630341255
PROJ-0077,Infraestrutura,19.865376341984316,347932.3325954477,362383.156124665
PROJ-0078,Equipamentos,10.343917597718457,11062.716431583913,11203.718726861624
PROJ-0078,Software,0.6139090914843117,656.5696342515565,661.2820242631225
PROJ-0078,Recursos Humanos,56.28542273732291,60196.69676333948,60871.63809792274
PROJ-0078,Infraestrutura,4.308971186042859,4608.401593760977,4633.659273679776
PROJ-0078,Consultoria,28.447779387431467,30424.61557706408,30723.86436367818
PROJ-0079,Materiais,0.23465390844472686,2025.4973396086154,2084.01661249948
PROJ-0079,Recursos Humanos,40.39533134948744,348686.44090907316,358562.719828659
PROJ-0079,Infraestrutura,59.37001474206782,512473.0617513181,538172.974449806
PROJ-0080,Equipamentos,7.625506353965799,31839.310465158174,33960.91296240787
PROJ-0080,Recursos Humanos,58.83641423321274,245663.79889692948,257866.00209059042
PROJ-0080,Materiais,22.264680213982334,92963.27782505543,99524.77896225911
PROJ-0080,Infraestrutura,11.273399198839128,47070.612812856925,50431.48807427373
PROJ-0081,Infraestrutura,2.707014289988671,50823.895522965395,51670.79224180962
PROJ-0081,Software,0.03482232433416423,653.7853089182568,679.9308554597368
PROJ-0081,Consultoria,61.839796173748155,1161035.3707845425,1194396.7329349369
PROJ-0081,Materiais,35.41836721192901,664975.9483835738,680116.6847762199
PROJ-0082,Recursos Humanos,40.020349479788756,305075.5242879245,311533.55964718555
PROJ-0082,Infraestrutura,4.153761813044508,31664.16783845642,32722.083379709722
PROJ-0082,Materiais,55.82588870716675,425561.3078736192,434792.83486045
PROJ-0083,Equipamentos,27.320481827790584,177643.7833502965,182808.20652887446
PROJ-0083,Consultoria,39.891321630805734,259382.14933425764,263825.6567456744
PROJ-0083,Software,7.306985125410044,47511.6248221437,49390.67321514834
PROJ-0083,Recursos Humanos,25.48121141599363,165684.4424933021,169838.22967286134
PROJ-0084,Equipamentos,28.854578137194025,254128.61766145797,307373.8202267134
PROJ-0084,Materiais,24.414327063531896,215022.34960047939,273379.7216631334
PROJ-0084,Recursos Humanos,24.308474448039878,214090.08232826577,277204.72557867813
PROJ-0084,Software,3.82904527904264,33723.24416248992,41476.08651465513
PROJ-0084,Consultoria,18.593575072191555,163757.70624730692,184897.5569843013
PROJ-0085,Infraestrutura,17.483271258510776,280375.37485306046,292817.15939308086
PROJ-0085,Consultoria,11.658396371622821,186963.13776451343,194705.9550366455
PROJ-0085,Software,8.608494404888784,138052.53090243234,144709.62541806544
PROJ-0085,Recursos Humanos,29.46526494258887,472527.97152601037,497938.5404393661
PROJ-0085,Materiais,16.85440601411853,270290.4012790958,290421.278531471
PROJ-0085,Equipamentos,15.93016700827021,255468.58367488754,276121.078069191
PROJ-0086,Infraestrutura,13.495407240365227,200604.50523549496,200604.50523549496
PROJ-0086,Consultoria,49.25751391866006,732195.7042710102,732195.7042710102
PROJ-0086,Equipamentos,37.24707884097473,553664.790493495,553664.790493495
PROJ-0087,Materiais,30.976719494416923,178570.5655678804,200714.02348024264
PROJ-0087,Software,6.866966118621165,39585.79357503187,44168.95834229594
PROJ-0087,Recursos Humanos,3.7833375263811577,21809.69233820367,26545.351014365275
PROJ-0087,Infraestrutura,58.37297686058076,336500.9485188841,407414.19462617545
PROJ-0088,Equipamentos,24.320795828398143,111048.75375246591,114371.02664530143
PROJ-0088,Consultoria,27.46980731514205,125427.1402009386,131380.3797854543
PROJ-0088,Software,10.040904843029729,45846.77151327374,49148.87880956059
PROJ-0088,Recursos Humanos,3.3337845321927335,15222.060173992022,16327.816798732
PROJ-0088,Materiais,34.834707481237345,159055.27435932972,164935.00934330476
PROJ-0089,Recursos Humanos,24.301388195449988,355804.6440276878,405310.53837251413
PROJ-0089,Consultoria,15.959696236103376,233671.17929254746,275358.0681974314
PROJ-0089,Infraestrutura,51.78185459914958,758155.2211981667,888028.3002493711
PROJ-0089,Equipamentos,7.864936737251553,115153.13419922328,146381.07657961154
PROJ-0089,Materiais,0.09212423204549026,1348.821282374598,1683.2180062153013
PROJ-0090,Infraestrutura,33.32171524425202,357976.5197376092,428047.02351363876
PROJ-0090,Software,57.27831634529588,615343.2436301674,739002.2990750469
PROJ-0090,Materiais,9.399968410452095,100984.23663222327,121905.39288627857
PROJ-0091,Infraestrutura,36.42070587508328,529206.6962331926,547129.640047843
PROJ-0091,Recursos Humanos,3.4302417806045358,49842.71656406053,51106.33637803185
PROJ-0091,Materiais,0.8489324319176148,12335.310830087072,13140.495805849943
PROJ-0091,Consultoria,15.553323084235382,225995.6946767121,232513.3617445576
PROJ-0091,Equipamentos,43.74679682815919,635657.5816959477,664697.7900271942
PROJ-0092,Infraestrutura,38.32972225864849,134489.41297503287,134489.41297503287
PROJ-0092,Recursos Humanos,9.118179997104326,31993.414064839802,31993.414064839802
PROJ-0092,Materiais,2.9591113525913735,10382.781958404981,10382.781958404981
PROJ-0092,Consultoria,49.59298639165582,174009.39100172237,174009.39100172237
PROJ-0093,Materiais,57.55992809296251,324286.30328366056,345068.66106645344
PROJ-0093,Consultoria,32.027935361036484,180441.86475118986,186791.21236097201
PROJ-0093,Infraestrutura,10.412136546001005,58660.831965149606,60891.88424097398
PROJ-0094,Infraestrutura,5.185053000841672,8834.811808134125,9796.09926858589
PROJ-0094,Software,27.229041178626517,46395.56326426172,52266.87927758941
PROJ-0094,Consultoria,28.99148721265461,49398.59506164219,52233.8802273586
PROJ-0094,Materiais,38.5944186078772,65761.02986596196,69041.93503261002
PROJ-0095,Equipamentos,0.734518798968137,5932.627542197756,6466.892688246777
PROJ-0095,Recursos Humanos,6.088277505524607,49174.34770159664,51734.343335646816
PROJ-0095,Software,42.12701115280954,340255.2351100158,359449.93015123263
PROJ-0095,Consultoria,51.050192542697715,412326.7896461897,440702.88229990745
PROJ-0096,Equipamentos,0.935888454460651,3308.2720976729556,3341.355940669011
PROJ-0096,Recursos Humanos,13.544029493248452,47876.78985568396,48177.36601309747
PROJ-0096,Infraestrutura,59.05982936785452,208770.59083242895,211029.9843485039
PROJ-0096,Consultoria,6.4175167074932915,22685.279809318035,22866.733525237305
PROJ-0096,Software,20.042735976943078,70849.06740489608,71227.6870942672
PROJ-0097,Consultoria,16.518192675829376,283444.2575847477,287167.60633336456
PROJ-0097,Software,32.1050411402055,550907.0955461791,557600.3568586644
PROJ-0097,Infraestrutura,6.930249959035301,118919.76277706542,119810.2304689623
PROJ-0097,Equipamentos,8.110714880260252,139175.97420212338,141138.6569700338
PROJ-0097,Recursos Humanos,36.33580134466959,623504.9098898846,627585.2242692347
PROJ-0098,Materiais,41.560872347705285,580404.2320752799,679619.6086744202
PROJ-0098,Infraestrutura,1.2323712172490782,17210.261228278134,19828.761502901103
PROJ-0098,Recursos Humanos,43.52075161750662,607774.2596587387,681373.4227611707
PROJ-0098,Consultoria,13.686004817539013,191127.2470377031,229726.64497287237
PROJ-0099,Materiais,27.042036476712145,125837.4125407323,146001.82351926574
PROJ-0099,Recursos Humanos,40.448460299050296,188222.86515560065,206787.0694900446
PROJ-0099,Infraestrutura,2.7033890194034247,12579.950462891897,15423.778303843757
PROJ-0099,Equipamentos,15.991209968941813,74413.49646947383,94850.71854302235
PROJ-0099,Software,13.814904235892323,64286.27537130133,78114.43469436489
PROJ-0100,Software,12.82221881447216,68345.88828021653,71171.26297770279
PROJ-0100,Materiais,16.71112207414918,89074.79265817515,91130.25515492658
PROJ-0100,Equipamentos,4.99651507093234,26632.774387138525,27817.07212478533
PROJ-0100,Infraestrutura,31.15474465153416,166063.200773733,170461.73178824704
PROJ-0100,Consultoria,30.786801187881007,164101.9627677265,167439.22590474505
PROJ-0100,Recursos Humanos,3.5285982010311594,18808.381133010356,19288.965427195526
PROJ-0101,Recursos Humanos,15.394091001241616,255021.12852203884,257720.1185842763
PROJ-0101,Software,1.9059274565620312,31573.918253074226,32231.437658364437
PROJ-0101,Infraestrutura,22.90689652429,379479.5419937973,383675.88318464765
PROJ-0101,Equipamentos,24.157275523312446,400193.53305603296,409807.3360379987
PROJ-0101,Consultoria,35.63580949459391,590348.8781750568,596910.346033638
PROJ-0102,Materiais,47.8872079970279,702121.7647803432,718783.1014005826
PROJ-0102,Recursos Humanos,23.88981662283738,350272.2524258754,364657.50410171284
PROJ-0102,Consultoria,13.968396312471071,204804.4870494877,213433.63417920575
PROJ-0102,Equipamentos,11.4919107555775,168494.28057916975,171025.47432537656
PROJ-0102,Infraestrutura,2.7626683120861544,40506.21516512407,41835.79488791953
PROJ-0103,Software,44.520804752069544,607726.79318765,656286.277563173
PROJ-0103,Consultoria,33.79145107757906,461266.8237893852,487924.3404691018
PROJ-0103,Infraestrutura,2.985962069537227,40759.57663401096,43172.93864176433
PROJ-0103,Recursos Humanos,8.60470711912917,117457.69405896081,127570.0477671326
PROJ-0103,Equipamentos,10.097074981684983,137829.1123299927,147232.52465222107
PROJ-0104,Software,36.14908267065797,683689.4080042876,753593.0354995055
PROJ-0104,Recursos Humanos,9.627889292405452,182092.75158172892,204009.31881313887
PROJ-0104,Materiais,2.555722356904551,48336.504722253616,52330.08551888298
PROJ-0104,Infraestrutura,41.97547892536436,793884.3316893623,909192.1318777773
PROJ-0104,Equipamentos,9.691826754667666,183302.00400236732,220506.66983984824
PROJ-0105,Infraestrutura,44.802622868412264,743415.2975703089,743415.2975703089
PROJ-0105,Recursos Humanos,44.561062266658006,739407.0535181283,739407.0535181283
PROJ-0105,Consultoria,2.2104933662688233,36678.981685702536,36678.981685702536
PROJ-0105,Materiais,7.952728525446101,131960.57875015022,131960.57875015022
PROJ-0105,Equipamentos,0.47309297321480503,7850.088475710046,7850.088475710046
PROJ-0106,Consultoria,4.588636222792244,89706.50745108377,96312.69272573979
PROJ-0106,Equipamentos,41.07827310853931,803068.326572742,823340.5179365095
PROJ-0106,Recursos Humanos,41.85704493290145,818293.0898951929,855635.0050925083
PROJ-0106,Software,4.28486656110125,83767.89865822671,86282.85201673885
PROJ-0106,Infraestrutura,8.191179174665761,160135.17742275496,168215.26191590264
PROJ-0107,Equipamentos,3.13524678125792,45957.79547579453,46907.56696350067
PROJ-0107,Recursos Humanos,65.56695408569428,961108.6067783635,989864.8542150926
PROJ-0107,Infraestrutura,31.297799133047803,458776.59774584195,470709.7083369555
PROJ-0108,Materiais,32.53879371378302,244105.70505286308,263133.7888505409
PROJ-0108,Software,17.564057378310952,131765.38281151498,138923.84100245984
PROJ-0108,Recursos Humanos,0.7392163147223743,5545.593400884105,6145.718014476277
PROJ-0108,Infraestrutura,4.034553942185261,30267.18332873441,32444.943343184586
PROJ-0108,Consultoria,45.12337865099838,338515.13540600333,361939.4085841671
PROJ-0109,Materiais,41.326658084271756,133806.21374551256,138073.39861658373
PROJ-0109,Infraestrutura,13.010145337869123,42123.85827059251,43694.922981294454
PROJ-0109,Software,3.491812167713606,11305.684682258081,12074.302871757462
PROJ-0109,Recursos Humanos,26.149234761165108,84665.20783265756,91772.12720789101
PROJ-0109,Consultoria,6.99600518829463,22651.4557185047,24178.721593529943
PROJ-0109,Equipamentos,9.026144460685778,29224.579750474593,30336.32641574329
PROJ-0110,Materiais,4.116657257532365,39516.16351420635,42295.76586459267
PROJ-0110,Infraestrutura,62.20792750051234,597139.4947908929,639745.9259891375
PROJ-0110,Equipamentos,5.019620629479835,48183.790188233594,50616.50130850391
PROJ-0110,Recursos Humanos,24.575857369185947,235905.86671397914,246034.859227898
PROJ-0110,Consultoria,1.2654974463231596,12147.623882026179,13105.13137757305
PROJ-0110,Software,2.814439796966358,27016.060910661796,28178.459182257247
PROJ-0111,Consultoria,9.457224264341143,184358.75152009565,185975.59198859776
PROJ-0111,Software,41.76204922169254,814107.7170457055,826033.8138397416
PROJ-0111,Recursos Humanos,1.9375418477608801,37770.36327857669,38062.53291304319
PROJ-0111,Equipamentos,34.248487863854976,667638.6524784743,673645.1170405144
PROJ-0111,Materiais,2.4460361501527808,47682.930869632306,48390.00203452265
PROJ-0111,Infraestrutura,10.14866065219766,197837.58480751512,199888.1127966874
PROJ-0112,Consultoria,31.467017551723497,363175.00972233916,369162.0873613795
PROJ-0112,Materiais,13.43108446465735,155014.18979461957,160126.675214978
PROJ-0112,Software,54.44963312870161,628427.7182732532,644295.6672318535
PROJ-0112,Recursos Humanos,0.6522648549175373,7528.08220978801,7856.302763590802
PROJ-0113,Equipamentos,44.13763049020535,306369.88626383303,306369.88626383303
PROJ-0113,Recursos Humanos,23.642089007736764,164105.41390406273,164105.41390406273
PROJ-0113,Software,32.220280502057875,223648.6998321042,223648.6998321042
PROJ-0114,Infraestrutura,7.596443620004735,55367.514933202714,60638.272579260134
PROJ-0114,Software,12.57905792127803,91683.84735560627,96260.01485526287
PROJ-0114,Recursos Humanos,55.06791300141103,401368.54138121445,432492.46050661884
PROJ-0114,Materiais,24.75658545730621,180441.0963299766,187814.88814796723
PROJ-0115,Infraestrutura,27.92874926612523,147967.0721869168,163548.93860095707
PROJ-0115,Materiais,38.97728964265953,206502.46007260305,245901.37551395464
PROJ-0115,Recursos Humanos,23.838347224111114,126296.04036028517,157093.51127227687
PROJ-0115,Consultoria,8.392304319139013,44462.59612888487,49803.036284229725
PROJ-0115,Equipamentos,0.8633095479651206,4573.831251310168,5534.127454793734
PROJ-0116,Equipamentos,34.444392819440225,123341.9262471335,131205.1780457118
PROJ-0116,Infraestrutura,12.588608289400897,45078.547423515665,46883.95232350389
PROJ-0116,Materiais,18.929569595551452,67784.89576471019,75718.95041725953
PROJ-0116,Software,28.870346261671937,103381.82292842104,115105.69295132077
PROJ-0116,Recursos Humanos,5.167083033935498,18502.807636219623,20374.65270239634
PROJ-0117,Equipamentos,10.518781363683276,191015.91536162008,196928.854287909
PROJ-0117,Infraestrutura,75.75910412823052,1375748.2090076434,1467883.4119266076
PROJ-0117,Consultoria,13.72211450808618,249186.8756307361,271028.046727037
PROJ-0118,Recursos Humanos,40.389208804502196,482076.71066460124,519743.75071208173
PROJ-0118,Materiais,20.668727123453177,246697.37982556995,259798.5815101209
PROJ-0118,Consultoria,1.7605075319370653,21013.030589543785,22170.282059458495
PROJ-0118,Equipamentos,5.5504779252550085,66249.28341070023,68413.68343046194
PROJ-0118,Infraestrutura,6.681852112085494,79753.1168023878,83529.28357501405
PROJ-0118,Software,24.949226502767065,297788.47870719706,314785.38465090323
PROJ-0119,Materiais,4.7005578170964135,40986.701908484865,42316.29537757036
PROJ-0119,Software,22.812924009370988,198918.2034166707,202372.99401672612
PROJ-0119,Consultoria,72.4865181735326,632049.0946748444,645164.2016012212
PROJ-0120,Software,13.513695723530878,102922.19854781246,108115.44620481791
PROJ-0120,Consultoria,9.42117338493103,71752.97546390862,77373.2408744669
PROJ-0120,Recursos Humanos,9.330588521995741,71063.06846591266,74638.7256973555
PROJ-0120,Infraestrutura,15.823256355565313,120512.1356598752,124528.32060267054
PROJ-0120,Equipamentos,18.4390345950926,140434.26894106856,149316.91326680215
PROJ-0120,Materiais,33.47225141888443,254929.3529214225,271569.6470650513
PROJ-0121,Software,25.75097132676166,200747.87721088895,207116.24809390664
PROJ-0121,Consultoria,12.230286348859988,95344.13250126176,99572.63755349806
PROJ-0121,Materiais,23.596942467419023,183955.62827095718,190981.81914984508
PROJ-0121,Recursos Humanos,22.57194098338603,175964.9832018218,179165.43029440072
PROJ-0121,Infraestrutura,8.763294301210758,68316.36391572075,70936.49132405694
PROJ-0121,Equipamentos,7.086564572362537,55245.014899349524,56356.33143440843
PROJ-0122,Consultoria,13.103243074388333,78471.3917995894,81604.33503700483
PROJ-0122,Recursos Humanos,5.221230516552835,31268.383194479968,33101.27618530079
PROJ-0122,Infraestrutura,25.848014751574,154796.00594275122,161210.4438242529
PROJ-0122,Materiais,46.358108427965064,277624.80394255434,288425.9658406764
PROJ-0122,Software,7.578712182646232,45386.63364821349,46939.84411076315
PROJ-0122,Equipamentos,1.8906910468735445,11322.781472411596,11887.514498243598
PROJ-0123,Equipamentos,11.50545813982473,156516.45573298947,158825.26132039988
PROJ-0123,Materiais,46.78826874512293,636492.1678799664,649085.5379100749
PROJ-0123,Infraestrutura,2.8405086222584424,38641.3419293585,39248.85331864716
PROJ-0123,Software,38.86576449279392,528717.0344576859,541647.0070218495
PROJ-0124,Recursos Humanos,33.798852772882675,102358.47366856427,102358.47366856427
PROJ-0124,Materiais,28.958414782984715,87699.4008336779,87699.4008336779
PROJ-0124,Equipamentos,10.184847736992998,30844.403977573817,30844.403977573817
PROJ-0124,Consultoria,7.2229918629378815,21874.541937232858,21874.541937232858
PROJ-0124,Software,19.834892844201736,60069.17958295118,60069.17958295118
PROJ-0125,Infraestrutura,20.16215336274597,364940.2180255763,380869.73231618054
PROJ-0125,Materiais,18.963725972443175,343248.3706699743,358234.0314492203
PROJ-0125,Recursos Humanos,44.60712825783244,807400.6193201143,868625.2703926535
PROJ-0125,Consultoria,16.266992406978407,294436.79198433494,319885.8914560518
PROJ-0126,Consultoria,12.84170180730353,98495.46761096385,117088.78160616643
PROJ-0126,Infraestrutura,1.1674234576254354,8954.102897283361,10576.396818179077
PROJ-0126,Equipamentos,4.504710607703098,34550.995219764525,38083.12079144466
PROJ-0126,Recursos Humanos,81.48616412736794,624996.4342719883,770896.2482848853
PROJ-0127,Consultoria,22.13929538711209,404341.2426954755,426423.03864398407
PROJ-0127,Recursos Humanos,6.655702982353261,121556.4979752386,126918.82372746107
PROJ-0127,Infraestrutura,3.438195306106583,62793.514355030646,65876.7674056146
PROJ-0127,Software,14.255413973228753,260353.89565420308,266760.22388158576
PROJ-0127,Materiais,53.51139235119929,977305.8493200518,1019843.1280632258
PROJ-0128,Infraestrutura,27.22823520464801,319291.08328024874,330024.5975671453
PROJ-0128,Equipamentos,5.547997592752861,65058.42733148864,67280.20528119172
PROJ-0128,Software,52.53810927561131,616086.5622771778,638254.3069348561
PROJ-0128,Materiais,5.371528172343635,62989.063967142465,64145.56531543527
PROJ-0128,Recursos Humanos,9.314129754644176,109221.86314394229,113643.59372244052
PROJ-0129,Infraestrutura,9.22114640154588,159627.91083740885,164378.82802532305
PROJ-0129,Consultoria,7.72216670464697,133678.968375813,137204.5544080803
PROJ-0129,Materiais,48.08025524474275,832320.6641596089,869925.989424752
PROJ-0129,Software,16.338208407218676,282831.869411951,303953.4447485183
PROJ-0129,Equipamentos,1.5213530332424725,26336.24885317277,27224.944417704603
PROJ-0129,Recursos Humanos,17.116870208603252,296311.33836204547,313684.7291047008
PROJ-0130,Infraestrutura,5.729106037894196,64650.38353991895,65559.20394797447
PROJ-0130,Software,38.816173095326704,438023.046102869,448935.3244333223
PROJ-0130,Materiais,21.1773146605897,238976.46615315753,246124.8213047564
PROJ-0130,Equipamentos,34.277406206189404,386805.10420405463,395822.69547125726
PROJ-0131,Infraestrutura,20.849532746097097,211051.271680315,231817.4255054991
PROJ-0131,Recursos Humanos,78.66067712616271,796249.7836705234,884712.9127574188
PROJ-0131,Equipamentos,0.4897901277401734,4957.944649161402,5180.724768876081
PROJ-0132,Software,16.213414885265003,44151.07434236284,45527.421364458205
PROJ-0132,Infraestrutura,6.210933085647865,16913.116104189416,17501.280652364847
PROJ-0132,Consultoria,22.6654359557595,61720.70195984781,63348.9927237429
PROJ-0132,Recursos Humanos,28.43036844750341,77419.30492676549,81710.06688905011
PROJ-0132,Equipamentos,9.772983054185772,26613.00561451436,27155.922011301205
PROJ-0132,Materiais,16.706864571638448,45494.797052320086,48010.49406754101
PROJ-0133,Infraestrutura,21.54763117567274,302915.30620973685,315852.80676207034
PROJ-0133,Materiais,10.240488043830267,143960.16649088325,152924.00775428195
PROJ-0133,Consultoria,32.62948103019321,458703.2865535944,482498.2921230466
PROJ-0133,Equipamentos,18.012384148684973,253217.01561916445,262357.8240919123
PROJ-0133,Recursos Humanos,17.570015601618792,246998.22512662088,261869.24088308797
PROJ-0134,Consultoria,11.528904762710846,157191.42843241917,157191.42843241917
PROJ-0134,Infraestrutura,36.36106968730051,495766.8227049831,495766.8227049831
PROJ-0134,Recursos Humanos,11.892085109289793,162143.22902686716,162143.22902686716
PROJ-0134,Equipamentos,13.034656616851331,177721.6773752903,177721.6773752903
PROJ-0134,Software,27.18328382384752,370631.84246044024,370631.84246044024
PROJ-0135,Recursos Humanos,1.3792226986570613,20857.846949520874,22289.53532465081
PROJ-0135,Materiais,43.52556343232725,658232.7432307418,733307.5616817198
PROJ-0135,Software,13.243378285354382,200278.28547158578,225993.99726823074
PROJ-0135,Infraestrutura,0.017801393577550693,269.2086949339414,293.04232597854724
PROJ-0135,Consultoria,31.486912878889513,476173.4347761582,511124.47570138675
PROJ-0135,Equipamentos,10.347121311194238,156478.48087705934,174630.77662051006
PROJ-0136,Materiais,25.330534572207604,133403.26032453135,138362.71555217542
PROJ-0136,Software,48.580225194312156,255847.75598584497,274162.0963052061
PROJ-0136,Consultoria,26.089240233480243,137398.9836896237,141554.17453788657
PROJ-0137,Equipamentos,16.451830360467827,71050.1907411452,71960.04010542006
PROJ-0137,Materiais,38.73658595423329,167290.91902882824,168732.30983024172
PROJ-0137,Consultoria,43.997739003474884,190012.1554795269,191734.46088695113
PROJ-0137,Recursos Humanos,0.8138446818239936,3514.734750499645,3560.7556168904293
PROJ-0138,Software,12.416364299297499,211276.35826227427,219712.2800013916
PROJ-0138,Consultoria,1.2595575781435613,21432.581367387713,22715.2181443663
PROJ-0138,Infraestrutura,5.054193711005908,86001.9580187281,92041.23410142897
PROJ-0138,Equipamentos,81.26988441155302,1382885.1023516096,1479036.630452068
PROJ-0139,Software,0.08039603944146399,1442.5694505496265,1701.3265681134671
PROJ-0139,Recursos Humanos,14.091789540392115,252853.06634222245,301676.74606169335
PROJ-0139,Consultoria,9.809671676036785,176017.78368791408,208941.14318050223
PROJ-0139,Equipamentos,72.5056514215188,1300989.9300952242,1619504.1051588517
PROJ-0139,Materiais,3.512491322610825,63025.65042408959,72495.73970317647
PROJ-0140,Equipamentos,8.966302596824804,92246.93505060101,97185.48948609985
PROJ-0140,Consultoria,46.88559505998521,482367.4413842386,508898.7011760908
PROJ-0140,Materiais,24.89703809086957,256145.2093457225,266607.2378172433
PROJ-0140,Recursos Humanos,19.251064252320425,198058.41421943798,207429.37013451548
PROJ-0141,Materiais,24.100542863329032,377353.2858608598,399218.0053496479
PROJ-0141,Software,65.87495661729461,1031434.4982370257,1075881.4787235346
PROJ-0141,Consultoria,10.02450051937635,156958.21590211443,166721.67084936742
PROJ-0142,Consultoria,0.36197115752405307,568.6856461628893,574.2189040077658
PROJ-0142,Recursos Humanos,23.820040351111274,37423.1889948239,37804.78765118323
PROJ-0142,Infraestrutura,10.66992574503015,16763.30693950197,16879.070321830324
PROJ-0142,Equipamentos,44.688042236049725,70208.489396213,70883.9226862179
PROJ-0142,Software,20.4600205102848,32144.32902329824,32595.32291924235
PROJ-0143,Infraestrutura,0.6879230730661452,11208.309991774511,12126.94915461461
PROJ-0143,Materiais,26.253763314840846,427751.77807580243,462617.6822362168
PROJ-0143,Software,5.495690121254591,89541.11427489741,95512.86222690517
PROJ-0143,Equipamentos,30.285418756070886,493439.4192301003,539569.9927231102
PROJ-0143,Recursos Humanos,37.27720473476751,607356.378427425,669496.7666412002
PROJ-0144,Recursos Humanos,19.377371006707122,244110.5005049044,263812.85927231266
PROJ-0144,Consultoria,12.632716827682827,159143.30310726824,166304.04228591808
PROJ-0144,Equipamentos,12.122639795659671,152717.5005801798,163517.03480779327
PROJ-0144,Software,24.592750751188706,309812.3420657575,333220.2992688802
PROJ-0144,Materiais,10.119084456683924,127477.29145081162,134020.6217339337
PROJ-0144,Infraestrutura,21.155437162077746,266510.06229107844,279355.7690288675
PROJ-0145,Consultoria,10.673750173219581,126509.9835030747,126509.9835030747
PROJ-0145,Software,1.2388355941931346,14683.224550038476,14683.224550038476
PROJ-0145,Materiais,5.024091260236671,59547.74021647953,59547.74021647953
PROJ-0145,Infraestrutura,19.00141895512154,225213.17808044076,225213.17808044076
PROJ-0145,Recursos Humanos,46.4459807834248,550498.2004766954,550498.2004766954
PROJ-0145,Equipamentos,17.615923233804267,208791.67317327106,208791.67317327106
PROJ-0146,Software,1.4246719304553936,5487.907509710699,5736.221731649942
PROJ-0146,Materiais,96.826514132276,372980.5737632338,382881.21611243143
PROJ-0146,Consultoria,1.7488139372686136,6736.5187270555625,7023.657051867209
PROJ-0147,Equipamentos,17.647395127237854,262941.2461252084,288500.4362735966
PROJ-0147,Infraestrutura,0.34251818313136356,5103.42502356604,5454.895342521198
PROJ-0147,Software,11.34801557898116,169082.25468245716,183621.56575232264
PROJ-0147,Materiais,23.135888915776086,344718.26679616724,364419.54325399606
PROJ-0147,Recursos Humanos,47.52618219487355,708126.8073726014,749873.0413231752
PROJ-0148,Recursos Humanos,15.235459419122806,260924.45862162168,289895.02398123697
PROJ-0148,Equipamentos,58.15402453627524,995953.3842314394,1220193.4404773784
PROJ-0148,Materiais,26.610516044601972,455735.1571469392,560314.1207408647
PROJ-0149,Consultoria,14.170475207866234,32671.44763925639,33057.819943732364
PROJ-0149,Software,2.5347096886770935,5844.026658213907,5924.1768142085575
PROJ-0149,Equipamentos,17.643257520388396,40678.29453900748,40978.29128350364
PROJ-0149,Materiais,18.54354340359635,42753.993671331744,43386.29084475933
PROJ-0149,Recursos Humanos,35.075477082719516,80870.01996191811,81586.82605135672
PROJ-0149,Infraestrutura,12.032537096752417,27742.217530272374,27955.07210372578
PROJ-0150,Equipamentos,19.878842199415793,228044.5116358821,237624.51726022753
PROJ-0150,Software,3.601228651365097,41312.28674443801,42755.925589564526
PROJ-0150,Materiais,4.879074117292916,55971.37213283149,56987.62120128057
PROJ-0150,Consultoria,19.437214334768854,222978.28042845457,230818.32896443
PROJ-0150,Infraestrutura,52.20364069715735,598865.5490583939,619264.6090128344
PROJ-0151,Infraestrutura,21.98562070698611,333170.09619366756,388118.8375828311
PROJ-0151,Consultoria,23.40389990268708,354662.69912532,381009.4442597514
PROJ-0151,Materiais,27.188762095067627,412018.5007886548,435137.9249586458
PROJ-0151,Equipamentos,7.173349236365521,108704.93432788311,116463.09228521933
PROJ-0151,Recursos Humanos,16.058119983584756,243344.7502312434,277497.20083011227
PROJ-0151,Software,4.190248075308902,63499.0193332311,70112.20118091918
PROJ-0152,Infraestrutura,8.695102888420863,21562.02919167717,22143.549447178146
PROJ-0152,Recursos Humanos,45.455328413673065,112719.66884694232,115889.38892855444
PROJ-0152,Software,36.94892050161388,91625.56357069706,93534.30167199536
PROJ-0152,Materiais,5.463497403381389,13548.326225931136,13854.362243641463
PROJ-0152,Equipamentos,3.4371507929108125,8523.412164752304,8652.442013188725
PROJ-0153,Consultoria,48.691106341408094,632217.4975134281,646381.9146998179
PROJ-0153,Software,30.178232535089716,391841.71579373867,414034.61120024725
PROJ-0153,Materiais,21.130661123502193,274365.78669283335,286607.4549516896
PROJ-0154,Infraestrutura,7.078252861068048,60065.275171208734,65186.86829658866
PROJ-0154,Recursos Humanos,30.832466917212226,261640.92268810206,281447.60530275357
PROJ-0154,Software,37.418158639209366,317526.37821488036,349705.7304459441
PROJ-0154,Consultoria,24.67112158251037,209356.42392580892,217470.82674776923
PROJ-0155,Equipamentos,1.8540404185405295,2813.4136331143263,3068.736529930914
PROJ-0155,Infraestrutura,3.148758939876052,4778.084253314915,5419.613072969769
PROJ-0155,Recursos Humanos,19.34080507903755,29348.70466718553,31372.28952057698
PROJ-0155,Materiais,17.122091904215615,25981.918360051986,29099.417277708293
PROJ-0155,Software,36.74542925968869,55759.3516301146,60410.3023526655
PROJ-0155,Consultoria,21.788874398641564,33063.52745621864,36481.83867859133
PROJ-0156,Software,52.92049934536047,803959.7587748211,857026.3854744378
PROJ-0156,Materiais,40.91229509764619,621533.0411562253,667713.3727687945
PROJ-0156,Infraestrutura,6.1672055569933315,93691.20006895356,102538.74708096184
PROJ-0157,Software,13.109156281510836,25151.882699520767,32976.84880570769
PROJ-0157,Equipamentos,56.120895946982465,107676.35700867791,135665.34484525412
PROJ-0157,Infraestrutura,12.97807431702918,24900.382288368033,33626.77946277992
PROJ-0157,Materiais,17.79187345447754,34136.37800343333,43642.697008559255
PROJ-0158,Infraestrutura,22.650677444410736,308381.27217532106,325779.40558998805
PROJ-0158,Recursos Humanos,0.7311473972922959,9954.32322401953,10503.418858059655
PROJ-0158,Equipamentos,16.352779317323616,222637.53046039314,233780.37167083865
PROJ-0158,Materiais,10.890071952517667,148264.6270090642,157884.11908114442
PROJ-0158,Consultoria,42.22317589300042,574854.1839033972,638590.4339875608
PROJ-0158,Software,7.152147995455261,97374.06322780492,107305.66048166482
PROJ-0159,Consultoria,22.219677638967518,260459.06128397724,277442.26497907896
PROJ-0159,Software,26.687708407034794,312833.31794726185,324149.8458988608
PROJ-0159,Materiais,5.248455357182969,61522.39369689876,66063.22691954803
PROJ-0159,Recursos Humanos,36.519967968255,428087.06452388514,450876.17790103576
PROJ-0159,Equipamentos,2.4693282336525373,28945.46555487504,31176.128752016302
PROJ-0159,Infraestrutura,6.854862394907189,80352.69699310207,85139.61065597144
PROJ-0160,Infraestrutura,7.761345111916109,9571.368405466064,9571.368405466064
PROJ-0160,Materiais,51.625872584919684,63665.54233044881,63665.54233044881
PROJ-0160,Software,11.30232985846153,13938.146204753342,13938.146204753342
PROJ-0160,Recursos Humanos,26.255278539413702,32378.27204759037,32378.27204759037
PROJ-0160,Consultoria,3.0551739052889824,3767.671011741426,3767.671011741426
PROJ-0161,Consultoria,30.295651041497564,152600.4061220649,155548.66072748738
PROJ-0161,Materiais,30.781753587485344,155048.92409030718,162023.65060142925
PROJ-0161,Equipamentos,7.160133865427571,36065.880685513286,37280.26497837739
PROJ-0161,Software,26.324996564068208,132600.06069307413,136303.5321456399
PROJ-0161,Infraestrutura,5.437464941521325,27388.728409040574,28036.33313080786
PROJ-0162,Infraestrutura,83.44490937848408,758519.232944983,781255.9190102279
PROJ-0162,Software,4.582963872779256,41659.4165813958,43034.93548312244
PROJ-0162,Materiais,8.962023318065398,81465.32968261356,82840.00765857795
PROJ-0162,Equipamentos,3.0101034306712666,27362.020791007657,28364.475869113438
PROJ-0163,Consultoria,2.992420874031211,39585.808092087944,47038.46215382126
PROJ-0163,Materiais,13.207323025111775,174715.5820290659,197127.68391405247
PROJ-0163,Infraestrutura,45.84062837620332,606411.4621939971,701194.9365382924
PROJ-0163,Recursos Humanos,13.423681043754824,177577.71518670899,208788.06462309544
PROJ-0163,Equipamentos,24.535946680898885,324578.43249814026,360723.2136647518
PROJ-0164,Materiais,4.350424178524998,44721.57747888484,47062.89291256644
PROJ-0164,Equipamentos,42.067952382932994,432450.9782651222,457315.87375561567
PROJ-0164,Infraestrutura,18.6042547612514,191248.39017980738,203237.44769479477
PROJ-0164,Recursos Humanos,3.5615744968367733,36612.344744072594,38666.314105407175
PROJ-0164,Consultoria,8.559874296227338,87993.96698784371,92570.00226374174
PROJ-0164,Software,22.85591988422649,234954.74234426918,249634.88245517155
PROJ-0165,Software,19.173356190848413,370427.51600513415,415796.4359521818
PROJ-0165,Materiais,14.654955214254855,283132.41579343454,326650.1465476203
PROJ-0165,Infraestrutura,6.575557999833066,127039.18875655485,152253.9716385342
PROJ-0165,Recursos Humanos,7.675542082093541,148290.78222725983,187935.72038419213
PROJ-0165,Consultoria,51.920588512970134,1003101.0972176169,1136247.854514401
PROJ-0166,Consultoria,13.621449264165175,39055.01068673647,42003.51229464306
PROJ-0166,Materiais,2.858964126407774,8197.136174312576,9109.519357623367
PROJ-0166,Equipamentos,51.41912183234758,147427.363544052,158175.76530576157
PROJ-0166,Recursos Humanos,11.428813061682352,32768.34994606378,34459.786685786894
PROJ-0166,Infraestrutura,20.671651715397125,59269.139648835175,64125.96085882466
PROJ-0167,Recursos Humanos,32.410891510428925,365660.3262384893,375459.39690197207
PROJ-0167,Consultoria,9.201863362703836,103815.60649529194,109828.60432319036
PROJ-0167,Equipamentos,40.29681371043195,454629.4582173675,472513.82818174304
PROJ-0167,Materiais,18.090431416435287,204096.60904885124,214909.81940525596
PROJ-0168,Recursos Humanos,9.216949914030911,140977.94957955895,150663.90387745184
PROJ-0168,Infraestrutura,12.071309931547773,184636.84177108828,189533.94448983582
PROJ-0168,Software,72.19894320843136,1104319.657833994,1136945.4866677192
PROJ-0168,Equipamentos,6.512796945989965,99616.55081535898,106363.95357027667
PROJ-0169,Recursos Humanos,17.470313191288646,49592.628649847255,52483.97441620426
PROJ-0169,Equipamentos,24.12931458903773,68495.40273760962,74494.71143932267
PROJ-0169,Infraestrutura,4.122766159330806,11703.213841169172,12529.103088225072
PROJ-0169,Materiais,13.513130717432976,38359.45390496264,41599.48702085432
PROJ-0169,Software,23.447447039836884,66559.79896304417,71470.99564430561
PROJ-0169,Consultoria,17.317028303072952,49157.50190336713,52801.439948882005
PROJ-0170,Software,2.553971744972346,19404.873000560285,21082.4736798963
PROJ-0170,Equipamentos,13.640875955294396,103642.2842382504,121368.69914299139
PROJ-0170,Materiais,59.85293032368811,454757.7763649564,529408.9925559554
PROJ-0170,Consultoria,8.107404932444831,61599.41408432123,68989.00223496305
PROJ-0170,Infraestrutura,3.758602366898342,28557.56009550425,30481.233467082202
PROJ-0170,Recursos Humanos,12.086214676701985,91830.09221640755,105214.09688572485
PROJ-0171,Infraestrutura,18.35572186839479,35840.83184857162,40337.388868524285
PROJ-0171,Consultoria,66.25821322435036,129373.79939546979,149149.00562016937
PROJ-0171,Equipamentos,15.386064907254845,30042.368755958592,36708.454749087716
PROJ-0172,Equipamentos,46.16405175185161,317875.9659123823,317875.9659123823
PROJ-0172,Software,43.17203521611289,297273.568370758,297273.568370758
PROJ-0172,Infraestrutura,10.663913032035516,73429.46571685984,73429.46571685984
PROJ-0173,Software,50.48655606097927,156597.18012770306,162361.94904259473
PROJ-0173,Infraestrutura,26.65211426638442,82668.46194690054,87212.31925321987
PROJ-0173,Equipamentos,22.86132967263632,70910.35792539643,76141.97497259008
PROJ-0174,Recursos Humanos,0.03723771844570716,108.16477314643004,129.66145607321678
PROJ-0174,Infraestrutura,7.73780281105836,22476.07320330933,28293.417487443057
PROJ-0174,Materiais,49.54474929167427,143913.12871501918,165757.01297308735
PROJ-0174,Software,20.926397286260894,60785.11546137488,78420.35443074993
PROJ-0174,Consultoria,21.75381289256077,63188.51784715019,71761.40556861705
PROJ-0175,Materiais,25.044532285551576,253959.57162582435,255659.63389054764
PROJ-0175,Software,9.792773526299749,99301.85724420787,100430.74207179304
PROJ-0175,Consultoria,32.30307544831097,327563.5220300167,332394.33007096115
PROJ-0175,Recursos Humanos,18.728162835126742,189909.5641602924,192427.0118470272
PROJ-0175,Equipamentos,14.131455904710952,143297.48493965855,144099.96259509464
PROJ-0176,Equipamentos,6.472835077771015,37084.814011073475,39632.16004025455
PROJ-0176,Recursos Humanos,35.63106430328137,204141.05671278993,214366.69021775213
PROJ-0176,Materiais,9.58986057733985,54943.188205753206,57519.05206962047
PROJ-0176,Consultoria,14.880709665743492,85256.04988794419,88835.49367652589
PROJ-0176,Infraestrutura,33.42553037586428,191504.8911824392,203177.30047304853
PROJ-0177,Infraestrutura,13.81125022669483,274213.53405088076,298700.59751521656
PROJ-0177,Equipamentos,11.740182611602137,233093.81203648902,251422.0443793609
PROJ-0177,Recursos Humanos,17.9837260560079,357055.37125736097,382487.0193896997
PROJ-0177,Materiais,7.964481050281866,158129.67398547428,175954.84202814658
PROJ-0177,Consultoria,48.500360055413275,962943.6086697951,1003704.9180258295
PROJ-0178,Consultoria,18.164380539161552,343609.59241374116,355846.8617493775
PROJ-0178,Equipamentos,28.772772781865562,544285.0476995328,572047.254913855
PROJ-0178,Infraestrutura,7.326587384647637,138594.63578154243,145349.19176168786
PROJ-0178,Materiais,9.914210881108598,187543.8555483406,194655.4496083968
PROJ-0178,Software,35.82204841321666,677633.8685568433,722310.0401443728
PROJ-0179,Consultoria,44.90821176457999,748816.5880830772,836639.7361116341
PROJ-0179,Materiais,29.754213765871828,496133.0669333779,547255.8198007168
PROJ-0179,Recursos Humanos,4.246588769016651,70809.23483831587,79042.83163996479
PROJ-0179,Equipamentos,1.7728869319347276,29561.790400113783,32784.530391210144
PROJ-0179,Software,18.16951614940199,302965.41669126553,330920.1135371557
PROJ-0179,Infraestrutura,1.148582619194789,19151.903053849204,20494.216234519292
PROJ-0180,Software,9.927470312967818,161256.86402869274,177604.06212837924
PROJ-0180,Materiais,20.227197602297124,328560.48425291333,367269.8703840875
PROJ-0180,Equipamentos,28.710664539144126,466361.6794415876,495680.5864634658
PROJ-0180,Recursos Humanos,41.13466754559094,668170.9722768065,698698.94005158
PROJ-0181,Software,8.726821140668205,88800.55393077197,104036.50956779852
PROJ-0181,Equipamentos,27.979952418185754,284712.52402696677,334179.50662911794
PROJ-0181,Infraestrutura,11.861154814484737,120694.24831872275,128939.66184893012
PROJ-0181,Consultoria,35.03265063611484,356477.8894863438,397390.7188221509
PROJ-0181,Materiais,16.399420990546467,166873.78423719472,189095.145794475
PROJ-0182,Consultoria,9.445775000288954,69483.59319087556,81964.03985479548
PROJ-0182,Infraestrutura,16.705577650197984,122887.06447373888,133771.7182117103
PROJ-0182,Recursos Humanos,36.186450999906405,266189.3428778615,306019.09384807403
PROJ-0182,Equipamentos,8.21814734206735,60453.10275561453,67372.68607457921
PROJ-0182,Materiais,29.4440490075393,216591.89670190946,256370.72117314284
PROJ-0183,Recursos Humanos,6.5221840737894885,84029.53684227794,87970.61369704192
PROJ-0183,Infraestrutura,69.13520325505093,890713.7614169369,931185.290173705
PROJ-0183,Software,17.495268949641815,225402.92180305277,235871.97418245947
PROJ-0183,Equipamentos,6.847343721517767,88218.77993773237,93007.12458073095
PROJ-0184,Software,32.38888751373399,158573.72604511565,161934.5928925182
PROJ-0184,Consultoria,7.136327745965189,34938.96110130335,35539.21298974157
PROJ-0184,Materiais,2.9832023759505226,14605.550008487442,14987.73572059727
PROJ-0184,Infraestrutura,57.49158236435029,281474.7628450935,286474.08381379704
PROJ-0185,Infraestrutura,78.29753225302537,716524.9898824336,849972.8683561052
PROJ-0185,Materiais,17.976670328626838,164510.08294506607,183641.23140703462
PROJ-0185,Consultoria,3.7257974183477973,34095.927172500385,39825.74890913998
PROJ-0186,Equipamentos,9.418188078850397,115114.93397631844,115114.93397631844
PROJ-0186,Infraestrutura,29.910279288005682,365581.977831164,365581.977831164
PROJ-0186,Software,59.44760276051954,726605.4584527813,726605.4584527813
PROJ-0186,Recursos Humanos,1.2239298726243786,14959.629739736183,14959.629739736183
PROJ-0187,Infraestrutura,35.04759820137217,58761.15362040258,63541.99061565061
PROJ-0187,Consultoria,0.7499247721737736,1257.3313722742705,1360.8924947939959
PROJ-0187,Materiais,5.108658979193003,8565.22873110478,9182.529654875709
PROJ-0187,Equipamentos,35.22170669509093,59053.065662056404,62820.14732579582
PROJ-0187,Software,23.571453000986374,39520.13381598376,43256.28775374129
PROJ-0187,Recursos Humanos,0.30065835118376005,504.086798178204,532.6298245089306
PROJ-0188,Infraestrutura,39.13653474975441,261641.43258927064,271896.18310961395
PROJ-0188,Consultoria,39.63777559719352,264992.4030886977,278007.3900126444
PROJ-0188,Recursos Humanos,13.090862878670714,87517.00014592127,92853.69590543886
PROJ-0188,Materiais,8.134826774381352,54384.164176110375,56719.60697094692
PROJ-0189,Consultoria,45.411026116920574,632892.1086607384,770569.8813383782
PROJ-0189,Materiais,23.24516828271771,323967.21300118824,429030.6484636728
PROJ-0189,Recursos Humanos,17.5119623307674,244063.69364503532,320122.7801577098
PROJ-0189,Infraestrutura,1.213912187674333,16918.25774225155,20033.241656659317
PROJ-0189,Software,0.18911394112494614,2635.6753240401404,3106.643373637812
PROJ-0189,Equipamentos,12.428817140795017,173220.05162674593,203456.8756347512
PROJ-0190,Consultoria,21.496146249833444,391376.8953873176,403714.10116313206
PROJ-0190,Infraestrutura,35.77244639164528,651303.207861263,667995.3865388014
PROJ-0190,Equipamentos,29.956482446729737,545412.8828704169,563246.8816350354
PROJ-0190,Recursos Humanos,12.774924911791526,232591.01388100244,246608.76689257118
PROJ-0191,Consultoria,4.516818704590091,68467.42847434912,80408.33441759685
PROJ-0191,Software,10.226942895547115,155023.3753018587,166638.03335318353
PROJ-0191,Recursos Humanos,14.473581794153208,219395.3291177664,252416.4890965692
PROJ-0191,Materiais,35.24607111041466,534271.5770951319,630505.4742987268
PROJ-0191,Infraestrutura,35.53658549529492,538675.2900108938,577686.330265384
PROJ-0192,Recursos Humanos,20.223979867623303,74174.4797614886,77575.42466163187
PROJ-0192,Consultoria,49.438259985971214,181322.23423754732,196102.0898737944
PROJ-0192,Software,16.290784367709417,59748.895286229446,64804.60473529587
PROJ-0192,Infraestrutura,0.10430432611242761,382.5517616662451,400.7044493628443
PROJ-0192,Equipamentos,0.28073145349821166,1029.624715422716,1129.7014888663555
PROJ-0192,Materiais,13.661939999085423,50107.214237645654,53410.96071027913
PROJ-0193,Software,2.0726148112662703,26833.770890798372,34993.52514767152
PROJ-0193,Consultoria,19.430096876758064,251557.96684594883,303241.9021684712
PROJ-0193,Recursos Humanos,20.983657228197966,271671.633075178,346237.71790152707
PROJ-0193,Materiais,13.711370259298668,177518.6427004932,236090.09232462384
PROJ-0193,Equipamentos,25.82398179824415,334338.44402514334,424437.5939607877
PROJ-0193,Infraestrutura,17.978279026234873,232761.54246243817,264212.3825519875
PROJ-0194,Software,40.42374766599852,568966.6738237891,610583.5031869353
PROJ-0194,Materiais,48.98347273075358,689445.3176937206,712734.0834146581
PROJ-0194,Recursos Humanos,10.592779603247891,149094.00848249026,154144.99979394535
PROJ-0195,Consultoria,60.616212101068015,460975.382110444,466054.53033124877
PROJ-0195,Recursos Humanos,15.377752017264024,116945.0360959298,117605.1917119376
PROJ-0195,Infraestrutura,1.6037630210007525,12196.329097366943,12375.922786967183
PROJ-0195,Equipamentos,22.402272860667217,170365.25269625927,172143.91698485805
PROJ-0196,Infraestrutura,26.099861635493326,236063.33054561564,248000.33423802795
PROJ-0196,Recursos Humanos,23.354524644741563,211232.80069232243,225033.54632866004
PROJ-0196,Consultoria,30.011431255557486,271441.99136264034,278904.8081438081
PROJ-0196,Software,9.763237245275628,88304.77085336484,93176.56365930216
PROJ-0196,Equipamentos,10.770945218932,97419.10654605675,103784.36450090077
PROJ-0197,Materiais,30.435256835661818,294999.8139310193,294999.8139310193
PROJ-0197,Software,2.698948156003167,26160.094791691896,26160.094791691896
PROJ-0197,Equipamentos,66.86579500833501,648110.0912772889,648110.0912772889
PROJ-0198,Infraestrutura,31.531329329650955,173067.26854482837,190766.36283670232
PROJ-0198,Software,35.8400684118518,196716.81709486747,219397.7104850894
PROJ-0198,Materiais,12.585090156564032,69076.28774593926,76602.17875616804
PROJ-0198,Equipamentos,20.043512101933217,110013.62661436493,119380.48163608737
PROJ-0199,Software,19.96025571222049,341620.1757197679,341620.1757197679
PROJ-0199,Infraestrutura,15.302907340983705,261909.56519908292,261909.56519908292
PROJ-0199,Recursos Humanos,5.044845579497854,86342.63299001736,86342.63299001736
PROJ-0199,Materiais,4.258140696813126,72878.1631887706,72878.1631887706
PROJ-0199,Consultoria,44.064301692675265,754161.404756171,754161.404756171
PROJ-0199,Equipamentos,11.369548977809574,194590.05814619042,194590.05814619042
PROJ-0200,Equipamentos,44.73656163608825,426562.66783448507,443050.1620691819
PROJ-0200,Consultoria,20.568924422947088,196124.48868355626,203879.8638648693
PROJ-0200,Software,34.694513940964654,330811.84348195855,345280.6809240216
