project_id,quality_dimension,score,measurement_date,target_score
ADV-0001,Code Quality,7,2025-07-28 07:38:36.342391,8
ADV-0001,User Experience,8,2025-07-05 07:38:36.342391,9
ADV-0001,Performance,7,2025-07-18 07:38:36.342391,9
ADV-0001,Security,6,2025-07-30 07:38:36.342391,8
ADV-0001,Maintainability,7,2025-07-22 07:38:36.342391,9
ADV-0002,Code Quality,8,2025-07-13 07:38:36.342391,8
ADV-0002,User Experience,9,2025-07-27 07:38:36.342391,8
ADV-0002,Performance,8,2025-07-16 07:38:36.342391,8
ADV-0002,Security,6,2025-07-19 07:38:36.342391,8
ADV-0002,Maintainability,8,2025-07-09 07:38:36.342391,9
ADV-0003,Code Quality,6,2025-07-07 07:38:36.342391,9
ADV-0003,User Experience,9,2025-07-09 07:38:36.342391,8
ADV-0003,Performance,9,2025-07-22 07:38:36.342391,9
ADV-0003,Security,9,2025-07-12 07:38:36.342391,8
ADV-0003,Maintainability,9,2025-07-18 07:38:36.342391,8
ADV-0004,Code Quality,7,2025-07-04 07:38:36.342391,9
ADV-0004,User Experience,9,2025-07-10 07:38:36.342391,9
ADV-0004,Performance,8,2025-06-30 07:38:36.342391,9
ADV-0004,Security,9,2025-07-19 07:38:36.342391,8
ADV-0004,Maintainability,6,2025-07-27 07:38:36.342391,8
ADV-0005,Code Quality,7,2025-07-09 07:38:36.342391,8
ADV-0005,User Experience,8,2025-07-23 07:38:36.342391,8
ADV-0005,Performance,6,2025-07-15 07:38:36.342391,8
ADV-0005,Security,8,2025-07-30 07:38:36.342391,9
ADV-0005,Maintainability,8,2025-07-11 07:38:36.342391,9
ADV-0006,Code Quality,7,2025-07-02 07:38:36.342391,8
ADV-0006,User Experience,7,2025-06-30 07:38:36.342391,9
ADV-0006,Performance,7,2025-07-13 07:38:36.342391,8
ADV-0006,Security,7,2025-07-20 07:38:36.342391,8
ADV-0006,Maintainability,8,2025-07-01 07:38:36.342391,9
ADV-0007,Code Quality,7,2025-07-11 07:38:36.342391,9
ADV-0007,User Experience,9,2025-07-23 07:38:36.342391,8
ADV-0007,Performance,8,2025-07-10 07:38:36.342391,8
ADV-0007,Security,9,2025-07-28 07:38:36.342391,8
ADV-0007,Maintainability,7,2025-07-10 07:38:36.342391,8
ADV-0008,Code Quality,9,2025-07-04 07:38:36.342391,8
ADV-0008,User Experience,8,2025-07-16 07:38:36.342391,8
ADV-0008,Performance,6,2025-07-01 07:38:36.342391,9
ADV-0008,Security,6,2025-07-08 07:38:36.342391,8
ADV-0008,Maintainability,8,2025-07-21 07:38:36.342391,9
ADV-0009,Code Quality,6,2025-07-10 07:38:36.342391,8
ADV-0009,User Experience,8,2025-07-17 07:38:36.342391,8
ADV-0009,Performance,6,2025-07-27 07:38:36.342391,9
ADV-0009,Security,9,2025-07-26 07:38:36.342391,9
ADV-0009,Maintainability,6,2025-07-29 07:38:36.342391,9
ADV-0010,Code Quality,8,2025-06-30 07:38:36.342391,8
ADV-0010,User Experience,6,2025-07-29 07:38:36.342391,8
ADV-0010,Performance,7,2025-07-21 07:38:36.342391,9
ADV-0010,Security,7,2025-07-15 07:38:36.342391,8
ADV-0010,Maintainability,9,2025-07-27 07:38:36.342391,9
ADV-0011,Code Quality,6,2025-07-27 07:38:36.342391,9
ADV-0011,User Experience,6,2025-07-23 07:38:36.342391,9
ADV-0011,Performance,7,2025-07-02 07:38:36.342391,9
ADV-0011,Security,6,2025-07-13 07:38:36.342391,9
ADV-0011,Maintainability,9,2025-07-26 07:38:36.342391,9
ADV-0012,Code Quality,9,2025-07-18 07:38:36.342391,8
ADV-0012,User Experience,6,2025-07-16 07:38:36.342391,9
ADV-0012,Performance,9,2025-07-19 07:38:36.342391,9
ADV-0012,Security,8,2025-07-09 07:38:36.342391,9
ADV-0012,Maintainability,7,2025-06-30 07:38:36.342391,8
ADV-0013,Code Quality,8,2025-07-07 07:38:36.342391,8
ADV-0013,User Experience,7,2025-07-08 07:38:36.342391,8
ADV-0013,Performance,6,2025-06-30 07:38:36.342391,9
ADV-0013,Security,6,2025-07-13 07:38:36.342391,9
ADV-0013,Maintainability,7,2025-07-17 07:38:36.342391,8
ADV-0014,Code Quality,8,2025-07-12 07:38:36.342391,8
ADV-0014,User Experience,7,2025-07-07 07:38:36.342391,8
ADV-0014,Performance,6,2025-07-07 07:38:36.342391,8
ADV-0014,Security,6,2025-07-26 07:38:36.342391,9
ADV-0014,Maintainability,8,2025-07-02 07:38:36.342391,8
ADV-0015,Code Quality,9,2025-07-17 07:38:36.342391,9
ADV-0015,User Experience,6,2025-07-10 07:38:36.342391,8
ADV-0015,Performance,9,2025-07-27 07:38:36.342391,9
ADV-0015,Security,6,2025-07-04 07:38:36.342391,9
ADV-0015,Maintainability,9,2025-07-15 07:38:36.342391,9
ADV-0016,Code Quality,9,2025-07-11 07:38:36.342391,8
ADV-0016,User Experience,7,2025-07-17 07:38:36.342391,8
ADV-0016,Performance,9,2025-06-30 07:38:36.342391,8
ADV-0016,Security,7,2025-06-30 07:38:36.342391,8
ADV-0016,Maintainability,7,2025-07-22 07:38:36.342391,8
ADV-0017,Code Quality,7,2025-07-29 07:38:36.342391,9
ADV-0017,User Experience,8,2025-07-08 07:38:36.342391,8
ADV-0017,Performance,8,2025-07-19 07:38:36.342391,8
ADV-0017,Security,6,2025-07-24 07:38:36.342391,9
ADV-0017,Maintainability,8,2025-07-16 07:38:36.342391,8
ADV-0018,Code Quality,7,2025-07-16 07:38:36.342391,8
ADV-0018,User Experience,8,2025-06-30 07:38:36.342391,8
ADV-0018,Performance,7,2025-07-23 07:38:36.342391,8
ADV-0018,Security,7,2025-07-03 07:38:36.342391,9
ADV-0018,Maintainability,8,2025-07-19 07:38:36.342391,9
ADV-0019,Code Quality,6,2025-07-27 07:38:36.342391,8
ADV-0019,User Experience,6,2025-07-09 07:38:36.342391,8
ADV-0019,Performance,6,2025-07-19 07:38:36.342391,9
ADV-0019,Security,7,2025-07-13 07:38:36.342391,9
ADV-0019,Maintainability,9,2025-07-02 07:38:36.342391,8
ADV-0020,Code Quality,8,2025-07-10 07:38:36.342391,9
ADV-0020,User Experience,6,2025-07-19 07:38:36.342391,9
ADV-0020,Performance,9,2025-07-29 07:38:36.342391,9
ADV-0020,Security,7,2025-07-18 07:38:36.342391,8
ADV-0020,Maintainability,6,2025-07-22 07:38:36.342391,9
ADV-0021,Code Quality,6,2025-07-24 07:38:36.342391,9
ADV-0021,User Experience,8,2025-06-30 07:38:36.342391,9
ADV-0021,Performance,5,2025-07-27 07:38:36.342391,9
ADV-0021,Security,6,2025-06-30 07:38:36.342391,8
ADV-0021,Maintainability,5,2025-07-03 07:38:36.342391,8
ADV-0022,Code Quality,6,2025-07-04 07:38:36.342391,8
ADV-0022,User Experience,6,2025-07-16 07:38:36.342391,8
ADV-0022,Performance,8,2025-07-28 07:38:36.342391,8
ADV-0022,Security,9,2025-07-09 07:38:36.342391,8
ADV-0022,Maintainability,9,2025-07-24 07:38:36.342391,9
ADV-0023,Code Quality,8,2025-07-10 07:38:36.342391,9
ADV-0023,User Experience,6,2025-07-10 07:38:36.342391,9
ADV-0023,Performance,8,2025-07-11 07:38:36.342391,9
ADV-0023,Security,5,2025-07-30 07:38:36.342391,9
ADV-0023,Maintainability,6,2025-07-29 07:38:36.342391,9
ADV-0024,Code Quality,8,2025-07-05 07:38:36.342391,8
ADV-0024,User Experience,8,2025-07-20 07:38:36.342391,8
ADV-0024,Performance,5,2025-07-23 07:38:36.342391,9
ADV-0024,Security,8,2025-07-26 07:38:36.342391,8
ADV-0024,Maintainability,8,2025-07-05 07:38:36.342391,9
ADV-0025,Code Quality,7,2025-07-12 07:38:36.342391,8
ADV-0025,User Experience,6,2025-07-24 07:38:36.342391,9
ADV-0025,Performance,8,2025-07-28 07:38:36.342391,8
ADV-0025,Security,8,2025-07-04 07:38:36.342391,8
ADV-0025,Maintainability,7,2025-07-06 07:38:36.342391,9
ADV-0026,Code Quality,8,2025-07-13 07:38:36.342391,9
ADV-0026,User Experience,9,2025-07-24 07:38:36.342391,8
ADV-0026,Performance,9,2025-07-12 07:38:36.342391,8
ADV-0026,Security,8,2025-07-24 07:38:36.342391,9
ADV-0026,Maintainability,7,2025-07-04 07:38:36.342391,9
ADV-0027,Code Quality,7,2025-07-03 07:38:36.342391,8
ADV-0027,User Experience,8,2025-07-23 07:38:36.342391,8
ADV-0027,Performance,7,2025-07-20 07:38:36.342391,8
ADV-0027,Security,6,2025-07-06 07:38:36.342391,9
ADV-0027,Maintainability,9,2025-07-26 07:38:36.342391,9
ADV-0028,Code Quality,8,2025-07-05 07:38:36.342391,9
ADV-0028,User Experience,8,2025-07-02 07:38:36.342391,8
ADV-0028,Performance,6,2025-07-11 07:38:36.342391,8
ADV-0028,Security,6,2025-07-30 07:38:36.342391,9
ADV-0028,Maintainability,6,2025-07-22 07:38:36.342391,9
ADV-0029,Code Quality,6,2025-07-03 07:38:36.342391,8
ADV-0029,User Experience,9,2025-07-26 07:38:36.342391,8
ADV-0029,Performance,8,2025-07-26 07:38:36.342391,9
ADV-0029,Security,7,2025-07-13 07:38:36.342391,8
ADV-0029,Maintainability,8,2025-07-22 07:38:36.342391,8
ADV-0030,Code Quality,9,2025-07-05 07:38:36.342391,8
ADV-0030,User Experience,7,2025-07-25 07:38:36.342391,9
ADV-0030,Performance,6,2025-07-27 07:38:36.342391,9
ADV-0030,Security,8,2025-07-09 07:38:36.342391,8
ADV-0030,Maintainability,7,2025-07-03 07:38:36.342391,9
ADV-0031,Code Quality,7,2025-07-30 07:38:36.342391,9
ADV-0031,User Experience,9,2025-07-26 07:38:36.342391,9
ADV-0031,Performance,6,2025-07-30 07:38:36.342391,8
ADV-0031,Security,6,2025-07-19 07:38:36.342391,9
ADV-0031,Maintainability,9,2025-07-05 07:38:36.342391,9
ADV-0032,Code Quality,8,2025-07-05 07:38:36.342391,8
ADV-0032,User Experience,9,2025-07-23 07:38:36.342391,9
ADV-0032,Performance,7,2025-07-12 07:38:36.342391,9
ADV-0032,Security,6,2025-07-20 07:38:36.342391,8
ADV-0032,Maintainability,8,2025-07-30 07:38:36.342391,9
ADV-0033,Code Quality,6,2025-07-25 07:38:36.342391,9
ADV-0033,User Experience,9,2025-07-22 07:38:36.342391,9
ADV-0033,Performance,8,2025-07-29 07:38:36.342391,8
ADV-0033,Security,9,2025-07-26 07:38:36.342391,8
ADV-0033,Maintainability,9,2025-07-07 07:38:36.342391,9
ADV-0034,Code Quality,7,2025-07-17 07:38:36.342391,8
ADV-0034,User Experience,8,2025-07-14 07:38:36.342391,9
ADV-0034,Performance,8,2025-07-27 07:38:36.342391,8
ADV-0034,Security,8,2025-07-07 07:38:36.342391,8
ADV-0034,Maintainability,7,2025-07-28 07:38:36.342391,8
ADV-0035,Code Quality,7,2025-07-15 07:38:36.342391,9
ADV-0035,User Experience,6,2025-07-16 07:38:36.342391,9
ADV-0035,Performance,7,2025-07-06 07:38:36.342391,8
ADV-0035,Security,7,2025-07-19 07:38:36.342391,9
ADV-0035,Maintainability,8,2025-07-14 07:38:36.342391,8
ADV-0036,Code Quality,7,2025-07-12 07:38:36.342391,8
ADV-0036,User Experience,7,2025-07-27 07:38:36.342391,9
ADV-0036,Performance,8,2025-07-16 07:38:36.342391,8
ADV-0036,Security,7,2025-07-14 07:38:36.342391,9
ADV-0036,Maintainability,7,2025-07-23 07:38:36.342391,8
ADV-0037,Code Quality,7,2025-06-30 07:38:36.342391,9
ADV-0037,User Experience,9,2025-07-11 07:38:36.342391,8
ADV-0037,Performance,7,2025-07-29 07:38:36.342391,8
ADV-0037,Security,7,2025-07-07 07:38:36.342391,8
ADV-0037,Maintainability,8,2025-07-05 07:38:36.342391,8
ADV-0038,Code Quality,9,2025-07-01 07:38:36.342391,9
ADV-0038,User Experience,9,2025-07-03 07:38:36.342391,8
ADV-0038,Performance,9,2025-07-09 07:38:36.342391,9
ADV-0038,Security,8,2025-07-14 07:38:36.342391,8
ADV-0038,Maintainability,7,2025-07-21 07:38:36.342391,9
ADV-0039,Code Quality,7,2025-07-16 07:38:36.342391,8
ADV-0039,User Experience,7,2025-07-10 07:38:36.342391,8
ADV-0039,Performance,6,2025-06-30 07:38:36.342391,9
ADV-0039,Security,7,2025-07-30 07:38:36.342391,8
ADV-0039,Maintainability,8,2025-07-29 07:38:36.342391,9
ADV-0040,Code Quality,9,2025-07-15 07:38:36.342391,9
ADV-0040,User Experience,8,2025-07-03 07:38:36.342391,8
ADV-0040,Performance,7,2025-07-18 07:38:36.342391,8
ADV-0040,Security,6,2025-07-17 07:38:36.342391,9
ADV-0040,Maintainability,8,2025-07-09 07:38:36.342391,9
ADV-0041,Code Quality,9,2025-07-27 07:38:36.342391,8
ADV-0041,User Experience,8,2025-07-15 07:38:36.342391,9
ADV-0041,Performance,8,2025-07-08 07:38:36.342391,9
ADV-0041,Security,6,2025-07-01 07:38:36.342391,8
ADV-0041,Maintainability,8,2025-07-16 07:38:36.342391,9
ADV-0042,Code Quality,8,2025-07-28 07:38:36.342391,9
ADV-0042,User Experience,9,2025-07-02 07:38:36.342391,9
ADV-0042,Performance,8,2025-07-28 07:38:36.342391,9
ADV-0042,Security,9,2025-07-20 07:38:36.342391,8
ADV-0042,Maintainability,7,2025-07-11 07:38:36.342391,9
ADV-0043,Code Quality,8,2025-07-26 07:38:36.342391,9
ADV-0043,User Experience,6,2025-07-28 07:38:36.342391,9
ADV-0043,Performance,9,2025-07-26 07:38:36.342391,8
ADV-0043,Security,9,2025-07-22 07:38:36.342391,9
ADV-0043,Maintainability,7,2025-07-11 07:38:36.342391,8
ADV-0044,Code Quality,8,2025-07-10 07:38:36.342391,8
ADV-0044,User Experience,6,2025-07-12 07:38:36.342391,8
ADV-0044,Performance,7,2025-07-13 07:38:36.342391,8
ADV-0044,Security,6,2025-07-08 07:38:36.342391,8
ADV-0044,Maintainability,9,2025-07-20 07:38:36.342391,9
ADV-0045,Code Quality,6,2025-07-18 07:38:36.342391,9
ADV-0045,User Experience,9,2025-07-11 07:38:36.342391,9
ADV-0045,Performance,7,2025-07-14 07:38:36.342391,8
ADV-0045,Security,6,2025-07-21 07:38:36.342391,9
ADV-0045,Maintainability,7,2025-07-16 07:38:36.342391,9
ADV-0046,Code Quality,7,2025-07-14 07:38:36.342391,8
ADV-0046,User Experience,9,2025-07-11 07:38:36.342391,8
ADV-0046,Performance,7,2025-07-17 07:38:36.342391,8
ADV-0046,Security,7,2025-07-27 07:38:36.342391,8
ADV-0046,Maintainability,6,2025-07-05 07:38:36.342391,8
ADV-0047,Code Quality,9,2025-07-08 07:38:36.342391,8
ADV-0047,User Experience,7,2025-07-27 07:38:36.342391,8
ADV-0047,Performance,8,2025-07-03 07:38:36.342391,9
ADV-0047,Security,8,2025-07-10 07:38:36.342391,9
ADV-0047,Maintainability,7,2025-07-10 07:38:36.342391,9
ADV-0048,Code Quality,7,2025-07-02 07:38:36.342391,8
ADV-0048,User Experience,8,2025-07-06 07:38:36.342391,9
ADV-0048,Performance,8,2025-07-13 07:38:36.342391,8
ADV-0048,Security,9,2025-07-07 07:38:36.342391,8
ADV-0048,Maintainability,7,2025-07-03 07:38:36.342391,8
ADV-0049,Code Quality,6,2025-07-24 07:38:36.342391,9
ADV-0049,User Experience,8,2025-07-17 07:38:36.342391,8
ADV-0049,Performance,9,2025-07-16 07:38:36.342391,8
ADV-0049,Security,7,2025-07-02 07:38:36.342391,8
ADV-0049,Maintainability,9,2025-07-23 07:38:36.342391,9
ADV-0050,Code Quality,9,2025-07-17 07:38:36.342391,9
ADV-0050,User Experience,9,2025-07-20 07:38:36.342391,8
ADV-0050,Performance,6,2025-07-04 07:38:36.342391,9
ADV-0050,Security,8,2025-07-16 07:38:36.342391,9
ADV-0050,Maintainability,8,2025-07-18 07:38:36.342391,8
ADV-0051,Code Quality,7,2025-07-17 07:38:36.342391,9
ADV-0051,User Experience,8,2025-07-07 07:38:36.342391,8
ADV-0051,Performance,9,2025-07-27 07:38:36.342391,8
ADV-0051,Security,6,2025-07-20 07:38:36.342391,9
ADV-0051,Maintainability,8,2025-07-17 07:38:36.342391,9
ADV-0052,Code Quality,7,2025-07-20 07:38:36.342391,9
ADV-0052,User Experience,8,2025-07-09 07:38:36.342391,8
ADV-0052,Performance,9,2025-07-22 07:38:36.342391,9
ADV-0052,Security,8,2025-07-19 07:38:36.342391,8
ADV-0052,Maintainability,6,2025-06-30 07:38:36.342391,9
ADV-0053,Code Quality,6,2025-07-26 07:38:36.342391,8
ADV-0053,User Experience,5,2025-07-09 07:38:36.342391,8
ADV-0053,Performance,6,2025-07-01 07:38:36.342391,9
ADV-0053,Security,7,2025-07-15 07:38:36.342391,8
ADV-0053,Maintainability,8,2025-07-28 07:38:36.342391,9
ADV-0054,Code Quality,8,2025-07-28 07:38:36.342391,8
ADV-0054,User Experience,6,2025-07-04 07:38:36.342391,9
ADV-0054,Performance,8,2025-07-28 07:38:36.342391,9
ADV-0054,Security,7,2025-07-28 07:38:36.342391,8
ADV-0054,Maintainability,6,2025-07-17 07:38:36.342391,9
ADV-0055,Code Quality,8,2025-07-27 07:38:36.342391,9
ADV-0055,User Experience,8,2025-07-07 07:38:36.342391,8
ADV-0055,Performance,8,2025-07-07 07:38:36.342391,8
ADV-0055,Security,9,2025-07-19 07:38:36.342391,9
ADV-0055,Maintainability,9,2025-07-05 07:38:36.342391,8
ADV-0056,Code Quality,9,2025-07-26 07:38:36.342391,9
ADV-0056,User Experience,9,2025-07-13 07:38:36.342391,8
ADV-0056,Performance,9,2025-07-29 07:38:36.342391,8
ADV-0056,Security,8,2025-07-12 07:38:36.342391,9
ADV-0056,Maintainability,6,2025-06-30 07:38:36.342391,9
ADV-0057,Code Quality,7,2025-07-13 07:38:36.342391,9
ADV-0057,User Experience,9,2025-07-13 07:38:36.342391,9
ADV-0057,Performance,8,2025-07-20 07:38:36.342391,9
ADV-0057,Security,8,2025-07-09 07:38:36.342391,9
ADV-0057,Maintainability,9,2025-07-27 07:38:36.342391,9
ADV-0058,Code Quality,8,2025-07-17 07:38:36.342391,8
ADV-0058,User Experience,6,2025-07-19 07:38:36.342391,8
ADV-0058,Performance,9,2025-07-03 07:38:36.342391,9
ADV-0058,Security,6,2025-07-09 07:38:36.342391,8
ADV-0058,Maintainability,8,2025-06-30 07:38:36.342391,9
ADV-0059,Code Quality,8,2025-07-06 07:38:36.342391,8
ADV-0059,User Experience,9,2025-07-17 07:38:36.342391,8
ADV-0059,Performance,9,2025-07-03 07:38:36.342391,9
ADV-0059,Security,9,2025-07-01 07:38:36.342391,9
ADV-0059,Maintainability,7,2025-07-07 07:38:36.342391,8
ADV-0060,Code Quality,7,2025-07-29 07:38:36.342391,9
ADV-0060,User Experience,8,2025-06-30 07:38:36.342391,8
ADV-0060,Performance,7,2025-07-21 07:38:36.342391,9
ADV-0060,Security,7,2025-07-11 07:38:36.342391,8
ADV-0060,Maintainability,6,2025-07-21 07:38:36.342391,8
ADV-0061,Code Quality,6,2025-07-19 07:38:36.342391,8
ADV-0061,User Experience,6,2025-07-27 07:38:36.342391,9
ADV-0061,Performance,6,2025-07-12 07:38:36.342391,9
ADV-0061,Security,6,2025-07-14 07:38:36.342391,9
ADV-0061,Maintainability,7,2025-07-24 07:38:36.342391,8
ADV-0062,Code Quality,7,2025-07-26 07:38:36.342391,9
ADV-0062,User Experience,9,2025-07-09 07:38:36.342391,9
ADV-0062,Performance,7,2025-07-15 07:38:36.342391,8
ADV-0062,Security,9,2025-07-23 07:38:36.342391,9
ADV-0062,Maintainability,8,2025-07-03 07:38:36.342391,8
ADV-0063,Code Quality,9,2025-07-27 07:38:36.342391,8
ADV-0063,User Experience,8,2025-07-19 07:38:36.342391,8
ADV-0063,Performance,8,2025-07-03 07:38:36.342391,8
ADV-0063,Security,6,2025-07-13 07:38:36.342391,9
ADV-0063,Maintainability,9,2025-07-19 07:38:36.342391,8
ADV-0064,Code Quality,6,2025-07-27 07:38:36.342391,9
ADV-0064,User Experience,8,2025-07-06 07:38:36.342391,9
ADV-0064,Performance,6,2025-07-22 07:38:36.342391,9
ADV-0064,Security,9,2025-07-12 07:38:36.342391,8
ADV-0064,Maintainability,8,2025-07-23 07:38:36.342391,8
ADV-0065,Code Quality,8,2025-07-05 07:38:36.342391,9
ADV-0065,User Experience,6,2025-07-17 07:38:36.342391,9
ADV-0065,Performance,8,2025-07-03 07:38:36.342391,9
ADV-0065,Security,8,2025-07-13 07:38:36.342391,8
ADV-0065,Maintainability,7,2025-07-06 07:38:36.342391,8
ADV-0066,Code Quality,8,2025-07-04 07:38:36.342391,8
ADV-0066,User Experience,8,2025-07-11 07:38:36.342391,8
ADV-0066,Performance,9,2025-07-11 07:38:36.342391,8
ADV-0066,Security,7,2025-07-09 07:38:36.342391,8
ADV-0066,Maintainability,6,2025-07-10 07:38:36.342391,9
ADV-0067,Code Quality,7,2025-07-13 07:38:36.342391,9
ADV-0067,User Experience,9,2025-07-30 07:38:36.342391,9
ADV-0067,Performance,6,2025-07-11 07:38:36.342391,9
ADV-0067,Security,9,2025-07-01 07:38:36.342391,8
ADV-0067,Maintainability,6,2025-07-09 07:38:36.342391,9
ADV-0068,Code Quality,6,2025-07-04 07:38:36.342391,9
ADV-0068,User Experience,5,2025-07-08 07:38:36.342391,9
ADV-0068,Performance,5,2025-07-22 07:38:36.342391,8
ADV-0068,Security,7,2025-07-30 07:38:36.342391,8
ADV-0068,Maintainability,6,2025-07-25 07:38:36.342391,8
ADV-0069,Code Quality,6,2025-07-22 07:38:36.342391,9
ADV-0069,User Experience,6,2025-07-08 07:38:36.342391,9
ADV-0069,Performance,8,2025-07-06 07:38:36.342391,9
ADV-0069,Security,6,2025-07-21 07:38:36.342391,8
ADV-0069,Maintainability,9,2025-07-01 07:38:36.342391,8
ADV-0070,Code Quality,7,2025-07-20 07:38:36.342391,9
ADV-0070,User Experience,5,2025-07-19 07:38:36.342391,8
ADV-0070,Performance,6,2025-07-30 07:38:36.342391,9
ADV-0070,Security,8,2025-07-25 07:38:36.342391,9
ADV-0070,Maintainability,8,2025-07-03 07:38:36.342391,8
ADV-0071,Code Quality,9,2025-07-26 07:38:36.342391,8
ADV-0071,User Experience,9,2025-07-12 07:38:36.342391,8
ADV-0071,Performance,6,2025-07-09 07:38:36.342391,9
ADV-0071,Security,8,2025-07-18 07:38:36.342391,8
ADV-0071,Maintainability,9,2025-07-28 07:38:36.342391,9
ADV-0072,Code Quality,9,2025-07-26 07:38:36.342391,9
ADV-0072,User Experience,6,2025-07-07 07:38:36.342391,8
ADV-0072,Performance,8,2025-07-10 07:38:36.342391,8
ADV-0072,Security,6,2025-07-30 07:38:36.342391,8
ADV-0072,Maintainability,9,2025-07-28 07:38:36.342391,8
ADV-0073,Code Quality,8,2025-07-07 07:38:36.342391,8
ADV-0073,User Experience,7,2025-07-14 07:38:36.342391,9
ADV-0073,Performance,7,2025-07-24 07:38:36.342391,9
ADV-0073,Security,6,2025-07-18 07:38:36.342391,8
ADV-0073,Maintainability,8,2025-07-17 07:38:36.342391,9
ADV-0074,Code Quality,6,2025-07-16 07:38:36.342391,8
ADV-0074,User Experience,6,2025-07-20 07:38:36.342391,9
ADV-0074,Performance,7,2025-07-25 07:38:36.342391,9
ADV-0074,Security,6,2025-07-19 07:38:36.342391,8
ADV-0074,Maintainability,6,2025-07-21 07:38:36.342391,8
ADV-0075,Code Quality,7,2025-07-07 07:38:36.342391,8
ADV-0075,User Experience,9,2025-07-20 07:38:36.342391,8
ADV-0075,Performance,7,2025-07-06 07:38:36.342391,8
ADV-0075,Security,6,2025-06-30 07:38:36.342391,9
ADV-0075,Maintainability,9,2025-07-12 07:38:36.342391,8
ADV-0076,Code Quality,6,2025-07-11 07:38:36.342391,8
ADV-0076,User Experience,7,2025-07-28 07:38:36.342391,8
ADV-0076,Performance,9,2025-07-02 07:38:36.342391,8
ADV-0076,Security,6,2025-07-29 07:38:36.342391,8
ADV-0076,Maintainability,8,2025-07-26 07:38:36.342391,9
ADV-0077,Code Quality,7,2025-07-25 07:38:36.342391,8
ADV-0077,User Experience,6,2025-07-06 07:38:36.342391,8
ADV-0077,Performance,7,2025-07-11 07:38:36.342391,8
ADV-0077,Security,7,2025-07-29 07:38:36.342391,9
ADV-0077,Maintainability,9,2025-07-09 07:38:36.342391,9
ADV-0078,Code Quality,6,2025-07-28 07:38:36.342391,8
ADV-0078,User Experience,9,2025-07-22 07:38:36.342391,8
ADV-0078,Performance,8,2025-07-16 07:38:36.342391,8
ADV-0078,Security,9,2025-07-09 07:38:36.342391,8
ADV-0078,Maintainability,8,2025-07-17 07:38:36.342391,8
ADV-0079,Code Quality,6,2025-07-15 07:38:36.342391,8
ADV-0079,User Experience,6,2025-07-11 07:38:36.342391,8
ADV-0079,Performance,6,2025-07-16 07:38:36.342391,8
ADV-0079,Security,6,2025-07-17 07:38:36.342391,9
ADV-0079,Maintainability,8,2025-07-22 07:38:36.342391,9
ADV-0080,Code Quality,6,2025-07-24 07:38:36.342391,9
ADV-0080,User Experience,9,2025-07-06 07:38:36.342391,8
ADV-0080,Performance,9,2025-07-14 07:38:36.342391,9
ADV-0080,Security,9,2025-07-27 07:38:36.342391,8
ADV-0080,Maintainability,9,2025-07-19 07:38:36.342391,9
ADV-0081,Code Quality,6,2025-07-17 07:38:36.342391,9
ADV-0081,User Experience,7,2025-07-27 07:38:36.342391,9
ADV-0081,Performance,8,2025-07-21 07:38:36.342391,9
ADV-0081,Security,8,2025-07-09 07:38:36.342391,9
ADV-0081,Maintainability,7,2025-07-09 07:38:36.342391,9
ADV-0082,Code Quality,9,2025-07-12 07:38:36.342391,8
ADV-0082,User Experience,7,2025-07-15 07:38:36.342391,8
ADV-0082,Performance,9,2025-07-14 07:38:36.342391,8
ADV-0082,Security,9,2025-07-09 07:38:36.342391,9
ADV-0082,Maintainability,8,2025-07-21 07:38:36.342391,8
ADV-0083,Code Quality,6,2025-07-29 07:38:36.342391,8
ADV-0083,User Experience,7,2025-07-23 07:38:36.342391,8
ADV-0083,Performance,6,2025-07-18 07:38:36.342391,8
ADV-0083,Security,7,2025-07-11 07:38:36.342391,9
ADV-0083,Maintainability,9,2025-07-29 07:38:36.342391,9
ADV-0084,Code Quality,8,2025-07-30 07:38:36.342391,9
ADV-0084,User Experience,8,2025-07-24 07:38:36.342391,9
ADV-0084,Performance,8,2025-07-21 07:38:36.342391,8
ADV-0084,Security,6,2025-06-30 07:38:36.342391,8
ADV-0084,Maintainability,6,2025-07-24 07:38:36.342391,9
ADV-0085,Code Quality,8,2025-07-06 07:38:36.342391,8
ADV-0085,User Experience,6,2025-07-26 07:38:36.342391,8
ADV-0085,Performance,9,2025-07-06 07:38:36.342391,9
ADV-0085,Security,8,2025-07-22 07:38:36.342391,8
ADV-0085,Maintainability,8,2025-07-21 07:38:36.342391,8
ADV-0086,Code Quality,6,2025-07-20 07:38:36.342391,9
ADV-0086,User Experience,5,2025-07-27 07:38:36.342391,8
ADV-0086,Performance,7,2025-07-30 07:38:36.342391,8
ADV-0086,Security,5,2025-07-15 07:38:36.342391,9
ADV-0086,Maintainability,8,2025-07-07 07:38:36.342391,8
ADV-0087,Code Quality,7,2025-07-17 07:38:36.342391,9
ADV-0087,User Experience,9,2025-07-25 07:38:36.342391,8
ADV-0087,Performance,7,2025-07-26 07:38:36.342391,9
ADV-0087,Security,8,2025-07-18 07:38:36.342391,9
ADV-0087,Maintainability,6,2025-07-13 07:38:36.342391,9
ADV-0088,Code Quality,8,2025-07-08 07:38:36.342391,8
ADV-0088,User Experience,7,2025-07-23 07:38:36.342391,9
ADV-0088,Performance,6,2025-07-14 07:38:36.342391,8
ADV-0088,Security,9,2025-07-13 07:38:36.342391,9
ADV-0088,Maintainability,7,2025-07-04 07:38:36.342391,9
ADV-0089,Code Quality,7,2025-07-09 07:38:36.342391,8
ADV-0089,User Experience,5,2025-07-05 07:38:36.342391,9
ADV-0089,Performance,8,2025-07-19 07:38:36.342391,8
ADV-0089,Security,5,2025-07-28 07:38:36.342391,8
ADV-0089,Maintainability,7,2025-07-18 07:38:36.342391,8
ADV-0090,Code Quality,8,2025-07-03 07:38:36.342391,9
ADV-0090,User Experience,6,2025-07-07 07:38:36.342391,8
ADV-0090,Performance,6,2025-07-29 07:38:36.342391,8
ADV-0090,Security,8,2025-07-17 07:38:36.342391,8
ADV-0090,Maintainability,8,2025-07-30 07:38:36.342391,9
ADV-0091,Code Quality,8,2025-07-16 07:38:36.342391,9
ADV-0091,User Experience,9,2025-07-01 07:38:36.342391,9
ADV-0091,Performance,8,2025-07-28 07:38:36.342391,8
ADV-0091,Security,8,2025-07-03 07:38:36.342391,8
ADV-0091,Maintainability,8,2025-07-20 07:38:36.342391,8
ADV-0092,Code Quality,6,2025-07-12 07:38:36.342391,8
ADV-0092,User Experience,6,2025-07-17 07:38:36.342391,8
ADV-0092,Performance,7,2025-07-12 07:38:36.342391,8
ADV-0092,Security,8,2025-07-18 07:38:36.342391,8
ADV-0092,Maintainability,7,2025-07-08 07:38:36.342391,8
ADV-0093,Code Quality,8,2025-07-10 07:38:36.342391,9
ADV-0093,User Experience,8,2025-07-17 07:38:36.342391,9
ADV-0093,Performance,7,2025-07-21 07:38:36.342391,9
ADV-0093,Security,9,2025-07-27 07:38:36.342391,8
ADV-0093,Maintainability,9,2025-07-18 07:38:36.342391,9
ADV-0094,Code Quality,8,2025-07-30 07:38:36.342391,8
ADV-0094,User Experience,6,2025-06-30 07:38:36.342391,9
ADV-0094,Performance,6,2025-07-20 07:38:36.342391,9
ADV-0094,Security,9,2025-07-25 07:38:36.342391,8
ADV-0094,Maintainability,8,2025-07-05 07:38:36.342391,8
ADV-0095,Code Quality,5,2025-06-30 07:38:36.342391,8
ADV-0095,User Experience,5,2025-07-11 07:38:36.342391,9
ADV-0095,Performance,6,2025-07-16 07:38:36.342391,8
ADV-0095,Security,6,2025-07-04 07:38:36.342391,9
ADV-0095,Maintainability,8,2025-07-08 07:38:36.342391,9
ADV-0096,Code Quality,8,2025-07-01 07:38:36.342391,9
ADV-0096,User Experience,7,2025-07-19 07:38:36.342391,8
ADV-0096,Performance,7,2025-07-28 07:38:36.342391,9
ADV-0096,Security,5,2025-07-17 07:38:36.342391,8
ADV-0096,Maintainability,5,2025-07-03 07:38:36.342391,9
ADV-0097,Code Quality,8,2025-07-27 07:38:36.342391,9
ADV-0097,User Experience,6,2025-07-23 07:38:36.342391,8
ADV-0097,Performance,8,2025-07-17 07:38:36.342391,9
ADV-0097,Security,9,2025-07-12 07:38:36.342391,9
ADV-0097,Maintainability,7,2025-07-18 07:38:36.342391,9
ADV-0098,Code Quality,6,2025-07-14 07:38:36.342391,8
ADV-0098,User Experience,9,2025-07-28 07:38:36.342391,9
ADV-0098,Performance,8,2025-07-18 07:38:36.342391,9
ADV-0098,Security,8,2025-07-03 07:38:36.342391,9
ADV-0098,Maintainability,8,2025-07-21 07:38:36.342391,9
ADV-0099,Code Quality,6,2025-07-07 07:38:36.342391,8
ADV-0099,User Experience,5,2025-07-20 07:38:36.342391,9
ADV-0099,Performance,8,2025-07-23 07:38:36.342391,8
ADV-0099,Security,6,2025-07-20 07:38:36.342391,8
ADV-0099,Maintainability,7,2025-07-06 07:38:36.342391,9
ADV-0100,Code Quality,8,2025-07-25 07:38:36.342391,8
ADV-0100,User Experience,7,2025-07-28 07:38:36.342391,8
ADV-0100,Performance,8,2025-07-14 07:38:36.342391,8
ADV-0100,Security,8,2025-07-10 07:38:36.342391,9
ADV-0100,Maintainability,8,2025-07-27 07:38:36.342391,9
ADV-0101,Code Quality,6,2025-07-14 07:38:36.342391,9
ADV-0101,User Experience,6,2025-07-14 07:38:36.342391,9
ADV-0101,Performance,6,2025-07-24 07:38:36.342391,8
ADV-0101,Security,6,2025-07-02 07:38:36.342391,8
ADV-0101,Maintainability,7,2025-07-06 07:38:36.342391,9
ADV-0102,Code Quality,6,2025-07-19 07:38:36.342391,9
ADV-0102,User Experience,8,2025-07-19 07:38:36.342391,8
ADV-0102,Performance,9,2025-07-07 07:38:36.342391,9
ADV-0102,Security,9,2025-06-30 07:38:36.342391,8
ADV-0102,Maintainability,8,2025-07-04 07:38:36.342391,9
ADV-0103,Code Quality,8,2025-07-10 07:38:36.342391,9
ADV-0103,User Experience,9,2025-07-04 07:38:36.342391,9
ADV-0103,Performance,7,2025-07-26 07:38:36.342391,9
ADV-0103,Security,7,2025-07-23 07:38:36.342391,8
ADV-0103,Maintainability,6,2025-07-27 07:38:36.342391,9
ADV-0104,Code Quality,9,2025-07-26 07:38:36.342391,9
ADV-0104,User Experience,8,2025-07-22 07:38:36.342391,9
ADV-0104,Performance,9,2025-07-24 07:38:36.342391,9
ADV-0104,Security,6,2025-07-25 07:38:36.342391,9
ADV-0104,Maintainability,8,2025-07-11 07:38:36.342391,8
ADV-0105,Code Quality,7,2025-07-26 07:38:36.342391,8
ADV-0105,User Experience,8,2025-07-06 07:38:36.342391,8
ADV-0105,Performance,9,2025-07-06 07:38:36.342391,8
ADV-0105,Security,9,2025-07-10 07:38:36.342391,9
ADV-0105,Maintainability,7,2025-07-28 07:38:36.342391,8
ADV-0106,Code Quality,7,2025-07-25 07:38:36.342391,8
ADV-0106,User Experience,8,2025-06-30 07:38:36.342391,8
ADV-0106,Performance,8,2025-07-06 07:38:36.342391,9
ADV-0106,Security,7,2025-07-10 07:38:36.342391,8
ADV-0106,Maintainability,9,2025-07-15 07:38:36.342391,9
ADV-0107,Code Quality,7,2025-07-16 07:38:36.342391,8
ADV-0107,User Experience,9,2025-07-06 07:38:36.342391,8
ADV-0107,Performance,7,2025-07-12 07:38:36.342391,8
ADV-0107,Security,8,2025-07-06 07:38:36.342391,8
ADV-0107,Maintainability,9,2025-07-12 07:38:36.342391,8
ADV-0108,Code Quality,6,2025-07-16 07:38:36.342391,8
ADV-0108,User Experience,8,2025-07-09 07:38:36.342391,8
ADV-0108,Performance,8,2025-07-01 07:38:36.342391,8
ADV-0108,Security,5,2025-07-02 07:38:36.342391,8
ADV-0108,Maintainability,8,2025-07-12 07:38:36.342391,8
ADV-0109,Code Quality,6,2025-07-10 07:38:36.342391,8
ADV-0109,User Experience,8,2025-07-10 07:38:36.342391,9
ADV-0109,Performance,8,2025-07-11 07:38:36.342391,8
ADV-0109,Security,7,2025-07-20 07:38:36.342391,9
ADV-0109,Maintainability,9,2025-07-03 07:38:36.342391,8
ADV-0110,Code Quality,8,2025-07-10 07:38:36.342391,9
ADV-0110,User Experience,6,2025-07-20 07:38:36.342391,8
ADV-0110,Performance,5,2025-07-26 07:38:36.342391,8
ADV-0110,Security,6,2025-07-16 07:38:36.342391,8
ADV-0110,Maintainability,8,2025-07-28 07:38:36.342391,9
ADV-0111,Code Quality,8,2025-07-15 07:38:36.342391,8
ADV-0111,User Experience,8,2025-07-16 07:38:36.342391,9
ADV-0111,Performance,7,2025-07-10 07:38:36.342391,9
ADV-0111,Security,6,2025-07-21 07:38:36.342391,9
ADV-0111,Maintainability,5,2025-07-05 07:38:36.342391,9
ADV-0112,Code Quality,8,2025-07-22 07:38:36.342391,8
ADV-0112,User Experience,9,2025-07-12 07:38:36.342391,9
ADV-0112,Performance,9,2025-07-29 07:38:36.342391,9
ADV-0112,Security,8,2025-07-19 07:38:36.342391,8
ADV-0112,Maintainability,9,2025-07-14 07:38:36.342391,8
ADV-0113,Code Quality,7,2025-07-28 07:38:36.342391,9
ADV-0113,User Experience,9,2025-07-21 07:38:36.342391,9
ADV-0113,Performance,6,2025-07-16 07:38:36.342391,8
ADV-0113,Security,7,2025-07-16 07:38:36.342391,9
ADV-0113,Maintainability,6,2025-07-29 07:38:36.342391,8
ADV-0114,Code Quality,8,2025-07-29 07:38:36.342391,9
ADV-0114,User Experience,8,2025-07-19 07:38:36.342391,9
ADV-0114,Performance,7,2025-07-04 07:38:36.342391,8
ADV-0114,Security,9,2025-07-21 07:38:36.342391,8
ADV-0114,Maintainability,7,2025-07-28 07:38:36.342391,9
ADV-0115,Code Quality,8,2025-07-10 07:38:36.342391,9
ADV-0115,User Experience,6,2025-07-03 07:38:36.342391,9
ADV-0115,Performance,5,2025-07-03 07:38:36.342391,8
ADV-0115,Security,6,2025-07-28 07:38:36.342391,8
ADV-0115,Maintainability,8,2025-07-11 07:38:36.342391,8
ADV-0116,Code Quality,6,2025-07-11 07:38:36.342391,9
ADV-0116,User Experience,6,2025-07-14 07:38:36.342391,9
ADV-0116,Performance,6,2025-07-18 07:38:36.342391,9
ADV-0116,Security,6,2025-07-16 07:38:36.342391,9
ADV-0116,Maintainability,6,2025-07-12 07:38:36.342391,9
ADV-0117,Code Quality,6,2025-07-13 07:38:36.342391,9
ADV-0117,User Experience,8,2025-06-30 07:38:36.342391,9
ADV-0117,Performance,6,2025-07-05 07:38:36.342391,9
ADV-0117,Security,9,2025-07-07 07:38:36.342391,9
ADV-0117,Maintainability,9,2025-07-02 07:38:36.342391,8
ADV-0118,Code Quality,6,2025-07-29 07:38:36.342391,8
ADV-0118,User Experience,9,2025-07-16 07:38:36.342391,9
ADV-0118,Performance,9,2025-07-01 07:38:36.342391,9
ADV-0118,Security,9,2025-07-05 07:38:36.342391,8
ADV-0118,Maintainability,6,2025-07-12 07:38:36.342391,8
ADV-0119,Code Quality,9,2025-07-10 07:38:36.342391,9
ADV-0119,User Experience,9,2025-07-24 07:38:36.342391,9
ADV-0119,Performance,9,2025-07-20 07:38:36.342391,9
ADV-0119,Security,9,2025-07-11 07:38:36.342391,8
ADV-0119,Maintainability,8,2025-07-15 07:38:36.342391,9
ADV-0120,Code Quality,9,2025-07-14 07:38:36.342391,9
ADV-0120,User Experience,6,2025-07-26 07:38:36.342391,8
ADV-0120,Performance,9,2025-06-30 07:38:36.342391,8
ADV-0120,Security,6,2025-07-29 07:38:36.342391,8
ADV-0120,Maintainability,9,2025-07-16 07:38:36.342391,8
ADV-0121,Code Quality,7,2025-07-27 07:38:36.342391,9
ADV-0121,User Experience,6,2025-07-05 07:38:36.342391,8
ADV-0121,Performance,6,2025-07-02 07:38:36.342391,8
ADV-0121,Security,7,2025-07-04 07:38:36.342391,9
ADV-0121,Maintainability,8,2025-07-20 07:38:36.342391,8
ADV-0122,Code Quality,9,2025-07-08 07:38:36.342391,9
ADV-0122,User Experience,8,2025-07-28 07:38:36.342391,8
ADV-0122,Performance,8,2025-07-14 07:38:36.342391,8
ADV-0122,Security,8,2025-07-10 07:38:36.342391,8
ADV-0122,Maintainability,7,2025-07-25 07:38:36.342391,9
ADV-0123,Code Quality,6,2025-07-29 07:38:36.342391,9
ADV-0123,User Experience,7,2025-07-23 07:38:36.342391,8
ADV-0123,Performance,7,2025-07-08 07:38:36.342391,9
ADV-0123,Security,8,2025-07-16 07:38:36.342391,9
ADV-0123,Maintainability,7,2025-07-16 07:38:36.342391,8
ADV-0124,Code Quality,9,2025-07-14 07:38:36.342391,9
ADV-0124,User Experience,9,2025-07-14 07:38:36.342391,8
ADV-0124,Performance,6,2025-07-11 07:38:36.342391,9
ADV-0124,Security,9,2025-07-25 07:38:36.342391,8
ADV-0124,Maintainability,8,2025-07-19 07:38:36.342391,9
ADV-0125,Code Quality,5,2025-07-19 07:38:36.342391,9
ADV-0125,User Experience,8,2025-07-01 07:38:36.342391,8
ADV-0125,Performance,5,2025-07-21 07:38:36.342391,9
ADV-0125,Security,6,2025-07-18 07:38:36.342391,8
ADV-0125,Maintainability,6,2025-07-17 07:38:36.342391,8
ADV-0126,Code Quality,6,2025-07-06 07:38:36.342391,8
ADV-0126,User Experience,6,2025-07-20 07:38:36.342391,8
ADV-0126,Performance,7,2025-07-09 07:38:36.342391,8
ADV-0126,Security,6,2025-07-11 07:38:36.342391,8
ADV-0126,Maintainability,6,2025-07-29 07:38:36.342391,8
ADV-0127,Code Quality,8,2025-07-05 07:38:36.342391,8
ADV-0127,User Experience,7,2025-07-10 07:38:36.342391,9
ADV-0127,Performance,9,2025-07-10 07:38:36.342391,9
ADV-0127,Security,8,2025-07-20 07:38:36.342391,9
ADV-0127,Maintainability,6,2025-07-28 07:38:36.342391,9
ADV-0128,Code Quality,7,2025-07-20 07:38:36.342391,8
ADV-0128,User Experience,6,2025-07-27 07:38:36.342391,9
ADV-0128,Performance,9,2025-07-13 07:38:36.342391,9
ADV-0128,Security,9,2025-07-09 07:38:36.342391,8
ADV-0128,Maintainability,7,2025-07-18 07:38:36.342391,9
ADV-0129,Code Quality,9,2025-07-21 07:38:36.342391,9
ADV-0129,User Experience,7,2025-07-22 07:38:36.342391,8
ADV-0129,Performance,6,2025-07-07 07:38:36.342391,8
ADV-0129,Security,8,2025-07-03 07:38:36.342391,8
ADV-0129,Maintainability,9,2025-07-09 07:38:36.342391,8
ADV-0130,Code Quality,6,2025-06-30 07:38:36.342391,9
ADV-0130,User Experience,8,2025-07-01 07:38:36.342391,8
ADV-0130,Performance,6,2025-07-11 07:38:36.342391,8
ADV-0130,Security,9,2025-07-03 07:38:36.342391,9
ADV-0130,Maintainability,6,2025-07-26 07:38:36.342391,9
ADV-0131,Code Quality,6,2025-07-20 07:38:36.342391,9
ADV-0131,User Experience,7,2025-07-28 07:38:36.342391,9
ADV-0131,Performance,9,2025-07-12 07:38:36.342391,9
ADV-0131,Security,9,2025-07-09 07:38:36.342391,9
ADV-0131,Maintainability,9,2025-07-26 07:38:36.342391,9
ADV-0132,Code Quality,6,2025-07-01 07:38:36.342391,9
ADV-0132,User Experience,7,2025-07-19 07:38:36.342391,9
ADV-0132,Performance,5,2025-07-21 07:38:36.342391,9
ADV-0132,Security,5,2025-06-30 07:38:36.342391,8
ADV-0132,Maintainability,7,2025-07-10 07:38:36.342391,9
ADV-0133,Code Quality,9,2025-07-08 07:38:36.342391,9
ADV-0133,User Experience,9,2025-07-09 07:38:36.342391,8
ADV-0133,Performance,7,2025-07-18 07:38:36.342391,9
ADV-0133,Security,7,2025-07-26 07:38:36.342391,9
ADV-0133,Maintainability,9,2025-07-11 07:38:36.342391,9
ADV-0134,Code Quality,6,2025-07-08 07:38:36.342391,9
ADV-0134,User Experience,5,2025-06-30 07:38:36.342391,8
ADV-0134,Performance,8,2025-07-28 07:38:36.342391,9
ADV-0134,Security,8,2025-07-21 07:38:36.342391,9
ADV-0134,Maintainability,5,2025-07-13 07:38:36.342391,8
ADV-0135,Code Quality,8,2025-07-18 07:38:36.342391,8
ADV-0135,User Experience,7,2025-07-10 07:38:36.342391,9
ADV-0135,Performance,6,2025-07-05 07:38:36.342391,9
ADV-0135,Security,5,2025-07-20 07:38:36.342391,8
ADV-0135,Maintainability,8,2025-07-04 07:38:36.342391,9
ADV-0136,Code Quality,6,2025-07-26 07:38:36.342391,8
ADV-0136,User Experience,9,2025-07-09 07:38:36.342391,8
ADV-0136,Performance,9,2025-07-08 07:38:36.342391,9
ADV-0136,Security,8,2025-07-04 07:38:36.342391,8
ADV-0136,Maintainability,6,2025-06-30 07:38:36.342391,9
ADV-0137,Code Quality,6,2025-07-07 07:38:36.342391,9
ADV-0137,User Experience,8,2025-07-09 07:38:36.342391,9
ADV-0137,Performance,8,2025-07-01 07:38:36.342391,8
ADV-0137,Security,6,2025-07-14 07:38:36.342391,9
ADV-0137,Maintainability,6,2025-07-28 07:38:36.342391,9
ADV-0138,Code Quality,8,2025-07-10 07:38:36.342391,9
ADV-0138,User Experience,6,2025-07-09 07:38:36.342391,8
ADV-0138,Performance,7,2025-07-17 07:38:36.342391,9
ADV-0138,Security,6,2025-07-14 07:38:36.342391,8
ADV-0138,Maintainability,9,2025-07-19 07:38:36.342391,8
ADV-0139,Code Quality,8,2025-07-30 07:38:36.342391,9
ADV-0139,User Experience,7,2025-07-19 07:38:36.342391,9
ADV-0139,Performance,6,2025-07-21 07:38:36.342391,9
ADV-0139,Security,7,2025-07-25 07:38:36.342391,8
ADV-0139,Maintainability,7,2025-06-30 07:38:36.342391,9
ADV-0140,Code Quality,7,2025-07-24 07:38:36.342391,8
ADV-0140,User Experience,5,2025-07-20 07:38:36.342391,9
ADV-0140,Performance,6,2025-06-30 07:38:36.342391,8
ADV-0140,Security,5,2025-07-06 07:38:36.342391,8
ADV-0140,Maintainability,8,2025-07-15 07:38:36.342391,8
ADV-0141,Code Quality,7,2025-07-24 07:38:36.342391,9
ADV-0141,User Experience,7,2025-07-23 07:38:36.342391,8
ADV-0141,Performance,6,2025-07-26 07:38:36.342391,9
ADV-0141,Security,9,2025-07-26 07:38:36.342391,9
ADV-0141,Maintainability,7,2025-07-28 07:38:36.342391,8
ADV-0142,Code Quality,8,2025-07-21 07:38:36.342391,9
ADV-0142,User Experience,7,2025-07-03 07:38:36.342391,9
ADV-0142,Performance,6,2025-07-05 07:38:36.342391,9
ADV-0142,Security,6,2025-07-27 07:38:36.342391,9
ADV-0142,Maintainability,6,2025-07-14 07:38:36.342391,8
ADV-0143,Code Quality,6,2025-07-06 07:38:36.342391,8
ADV-0143,User Experience,7,2025-07-13 07:38:36.342391,8
ADV-0143,Performance,5,2025-07-04 07:38:36.342391,9
ADV-0143,Security,8,2025-07-07 07:38:36.342391,9
ADV-0143,Maintainability,6,2025-07-02 07:38:36.342391,9
ADV-0144,Code Quality,7,2025-07-14 07:38:36.342391,8
ADV-0144,User Experience,7,2025-07-29 07:38:36.342391,8
ADV-0144,Performance,8,2025-07-09 07:38:36.342391,9
ADV-0144,Security,5,2025-07-20 07:38:36.342391,9
ADV-0144,Maintainability,7,2025-07-02 07:38:36.342391,8
ADV-0145,Code Quality,7,2025-07-06 07:38:36.342391,9
ADV-0145,User Experience,9,2025-07-11 07:38:36.342391,9
ADV-0145,Performance,7,2025-07-26 07:38:36.342391,9
ADV-0145,Security,7,2025-07-11 07:38:36.342391,8
ADV-0145,Maintainability,7,2025-07-18 07:38:36.342391,8
ADV-0146,Code Quality,8,2025-07-26 07:38:36.342391,9
ADV-0146,User Experience,8,2025-07-25 07:38:36.342391,9
ADV-0146,Performance,6,2025-07-25 07:38:36.342391,8
ADV-0146,Security,8,2025-07-04 07:38:36.342391,9
ADV-0146,Maintainability,8,2025-07-08 07:38:36.342391,8
ADV-0147,Code Quality,6,2025-07-06 07:38:36.342391,9
ADV-0147,User Experience,8,2025-07-11 07:38:36.342391,9
ADV-0147,Performance,6,2025-07-05 07:38:36.342391,8
ADV-0147,Security,8,2025-07-02 07:38:36.342391,9
ADV-0147,Maintainability,8,2025-07-25 07:38:36.342391,8
ADV-0148,Code Quality,8,2025-07-07 07:38:36.342391,8
ADV-0148,User Experience,7,2025-07-16 07:38:36.342391,8
ADV-0148,Performance,8,2025-07-29 07:38:36.342391,8
ADV-0148,Security,6,2025-07-17 07:38:36.342391,9
ADV-0148,Maintainability,6,2025-07-19 07:38:36.342391,8
ADV-0149,Code Quality,7,2025-07-09 07:38:36.342391,8
ADV-0149,User Experience,6,2025-07-07 07:38:36.342391,8
ADV-0149,Performance,7,2025-07-23 07:38:36.342391,8
ADV-0149,Security,9,2025-07-16 07:38:36.342391,9
ADV-0149,Maintainability,7,2025-07-11 07:38:36.342391,9
ADV-0150,Code Quality,7,2025-07-21 07:38:36.342391,9
ADV-0150,User Experience,9,2025-07-06 07:38:36.342391,8
ADV-0150,Performance,8,2025-07-07 07:38:36.342391,9
ADV-0150,Security,9,2025-07-05 07:38:36.342391,9
ADV-0150,Maintainability,9,2025-07-16 07:38:36.342391,9
