project_id,resource_type,planned_allocation,actual_allocation,planned_hours,actual_hours,hourly_rate
ADV-0001,DevOps Engineers,2,1.8057218808872768,2342.8571428571427,2718.949745623221,169
ADV-0001,Junior Developers,2,1.900257076618411,2342.8571428571427,1907.228050211282,131
ADV-0001,Project Managers,2,2.2584028595575476,2342.8571428571427,2045.4274053484037,124
ADV-0001,Business Analysts,6,6.88452679388601,7028.571428571428,9066.166710053012,155
ADV-0002,Data Scientists,6,6.982954625712723,9702.857142857143,7844.336955048255,69
ADV-0002,Business Analysts,2,2.2443968368257954,3234.2857142857147,2598.81797050647,168
ADV-0002,Project Managers,6,5.3683142050948325,9702.857142857143,11055.859138704449,57
ADV-0002,Senior Developers,4,4.208280135819266,6468.571428571429,7665.325801748568,118
ADV-0003,UX/UI Designers,10,8.247049545160799,17028.571428571428,16554.39411226708,82
ADV-0003,Data Scientists,9,7.967534153000887,15325.714285714284,16258.540083898299,78
ADV-0003,QA Engineers,4,3.6170586477326987,6811.428571428571,6143.075826094665,186
ADV-0004,Junior Developers,3,2.902715068724903,4045.714285714286,4044.5658672967,117
ADV-0004,Data Scientists,1,1.1624403714721703,1348.5714285714287,1556.9016201177474,104
ADV-0004,UX/UI Designers,10,8.280274782884758,13485.714285714286,12686.532667954772,90
ADV-0005,Project Managers,4,4.129229733783075,7451.428571428571,6409.637448443475,179
ADV-0005,UX/UI Designers,2,1.9865077164523997,3725.7142857142853,3550.4097664186024,155
ADV-0005,Senior Developers,4,4.773976053881212,7451.428571428571,8238.081560764185,176
ADV-0005,Junior Developers,1,1.000013566227843,1862.8571428571427,2191.509362513689,167
ADV-0005,QA Engineers,8,6.5100902670510665,14902.857142857141,14156.77740600606,106
ADV-0006,Project Managers,10,9.379079067599497,22857.14285714286,28102.083992282605,98
ADV-0006,Business Analysts,3,3.2579433882621327,6857.142857142858,8275.230217259508,60
ADV-0006,Data Scientists,12,10.341195636188223,27428.57142857143,34425.82841097113,149
ADV-0006,UX/UI Designers,7,8.0458959398866,16000.0,12933.372404797066,163
ADV-0006,Senior Developers,4,3.7120257809398267,9142.857142857143,10679.0189733763,57
ADV-0007,Junior Developers,2,2.3677965771695755,3897.1428571428573,3434.378704379615,69
ADV-0007,UX/UI Designers,1,0.937351115829829,1948.5714285714287,2206.113497178679,177
ADV-0007,Project Managers,3,2.423967519093634,5845.714285714286,4701.763541861118,75
ADV-0007,Senior Developers,3,3.021618418690224,5845.714285714286,6007.625680196124,82
ADV-0007,Data Scientists,3,2.7230276873679666,5845.714285714286,7242.776815134719,65
ADV-0008,Data Scientists,10,8.711536234937999,6971.428571428571,6911.833363215542,121
ADV-0008,Project Managers,7,5.794061764507226,4880.0,4978.040002021152,75
ADV-0008,UX/UI Designers,7,8.027632499349682,4880.0,4534.253047071325,156
ADV-0008,Junior Developers,10,10.804576879866614,6971.428571428571,5761.563053114887,166
ADV-0009,Business Analysts,6,6.484998160522792,9462.857142857143,11884.060905296412,179
ADV-0009,DevOps Engineers,1,1.1617811246249976,1577.1428571428573,1946.9506085307642,155
ADV-0009,QA Engineers,2,1.9938936389609991,3154.2857142857147,3448.00570093423,123
ADV-0009,Project Managers,1,0.8983274348090299,1577.1428571428573,1627.5611677529998,119
ADV-0009,UX/UI Designers,6,7.0854336348800935,9462.857142857143,9157.239094714145,189
ADV-0010,Senior Developers,4,4.6378683224842625,9165.714285714286,10252.245044922754,153
ADV-0010,UX/UI Designers,3,2.9504461388010457,6874.285714285714,8695.750056203215,187
ADV-0010,DevOps Engineers,7,5.742247251129038,16040.0,15257.213837237457,101
ADV-0010,Business Analysts,3,3.520296547208027,6874.285714285714,8431.751973737184,83
ADV-0010,Project Managers,4,3.3347408178833575,9165.714285714286,9703.155886531185,169
ADV-0011,Senior Developers,3,2.742484882156107,6411.428571428572,7265.454273907712,196
ADV-0011,Project Managers,3,2.7677308038602915,6411.428571428572,6507.10205557663,182
ADV-0011,Junior Developers,3,3.2610736591782428,6411.428571428572,5915.999734196229,178
ADV-0012,Project Managers,4,3.860285197406639,7817.142857142857,6272.742804779225,61
ADV-0012,DevOps Engineers,7,5.669075872713364,13680.0,14426.640484448204,73
ADV-0012,Business Analysts,4,4.793589838561119,7817.142857142857,8338.188113838734,107
ADV-0012,Data Scientists,9,9.48695395449269,17588.571428571428,21507.67530862848,192
ADV-0012,QA Engineers,6,7.020154935472933,11725.714285714284,10592.996660693096,123
ADV-0013,Junior Developers,1,0.9366281548126272,1348.5714285714287,1729.9540577311107,51
ADV-0013,Senior Developers,12,13.71906684012794,16182.857142857143,21021.34901183141,75
ADV-0013,DevOps Engineers,8,8.928266399908601,10788.57142857143,9492.143050300518,74
ADV-0014,Senior Developers,1,1.0532340505984954,897.1428571428571,772.2629306218428,195
ADV-0014,QA Engineers,1,0.8536099577275967,897.1428571428571,997.5078999878643,114
ADV-0014,Project Managers,8,6.845767483865326,7177.142857142857,8771.135671871561,93
ADV-0014,Data Scientists,7,7.48257514940002,6280.0,5277.303069608297,172
ADV-0015,QA Engineers,3,3.3906418098244986,2811.428571428571,3565.5849114418024,95
ADV-0015,Junior Developers,9,7.732268776304582,8434.285714285714,10830.50356889614,134
ADV-0015,Senior Developers,4,4.107909132837167,3748.5714285714284,3341.6509794658473,143
ADV-0015,Project Managers,9,10.657320388639668,8434.285714285714,6818.989813913224,80
ADV-0016,Senior Developers,3,2.4168174210312685,2708.571428571429,2360.603901688265,154
ADV-0016,Project Managers,3,3.1991365992965566,2708.571428571429,3429.4128656529742,70
ADV-0016,Junior Developers,2,2.033612238783781,1805.7142857142858,1456.5624579797468,142
ADV-0016,DevOps Engineers,4,3.315541096536301,3611.4285714285716,3790.136402135832,74
ADV-0016,UX/UI Designers,2,1.7681535749750772,1805.7142857142858,2135.7477280622516,116
ADV-0017,QA Engineers,1,1.1439762856733637,2537.1428571428573,2710.3353432191175,196
ADV-0017,Data Scientists,6,5.001098334115828,15222.857142857143,16804.34788699642,84
ADV-0017,DevOps Engineers,6,6.2038341455489325,15222.857142857143,17982.259076097213,152
ADV-0017,Junior Developers,7,5.9344568751,17760.0,14486.322899466737,173
ADV-0017,UX/UI Designers,7,6.178296331121618,17760.0,22505.65152556152,153
ADV-0018,Project Managers,9,9.07517584241104,19028.571428571428,23466.520116055166,65
ADV-0018,Business Analysts,3,2.756274809121652,6342.857142857142,5900.9983574058815,88
ADV-0018,Senior Developers,1,0.8362883530991324,2114.285714285714,1796.3369600579485,161
ADV-0018,Junior Developers,10,8.407567015886212,21142.85714285714,21645.030548251943,177
ADV-0019,QA Engineers,2,1.8848538392953158,742.8571428571429,825.7369171063353,64
ADV-0019,UX/UI Designers,4,3.6386624602756803,1485.7142857142858,1260.3615768081904,123
ADV-0019,DevOps Engineers,2,2.293276550876403,742.8571428571429,641.3835253899395,139
ADV-0019,Junior Developers,5,4.855083710719424,1857.1428571428573,1603.745455805094,78
ADV-0019,Project Managers,7,7.22769885523015,2600.0,3189.1285559351404,82
ADV-0020,Junior Developers,1,0.9898177400634225,1462.8571428571427,1310.479593201572,191
ADV-0020,Business Analysts,7,7.974968759948107,10240.0,10210.25533235153,152
ADV-0020,Senior Developers,7,6.548111441515371,10240.0,12315.987369167806,82
ADV-0020,QA Engineers,10,10.351609299579259,14628.571428571428,15756.343961635044,66
ADV-0021,Business Analysts,4,4.4703281355449445,9371.42857142857,8613.922929799757,150
ADV-0021,QA Engineers,3,2.528185191556789,7028.571428571428,6796.788641590144,137
ADV-0021,UX/UI Designers,8,8.890970901700479,18742.85714285714,15990.14905062588,176
ADV-0021,Project Managers,1,0.9292580869117669,2342.8571428571427,1915.4722646033988,65
ADV-0022,Business Analysts,9,8.810289922509362,9874.285714285714,9659.81090226761,66
ADV-0022,Junior Developers,1,0.9103795312628751,1097.142857142857,1150.6375827425466,115
ADV-0022,Senior Developers,1,0.8084599293397665,1097.142857142857,1266.8138754600784,52
ADV-0022,QA Engineers,6,5.612959093858635,6582.857142857142,7819.990157467458,50
ADV-0022,UX/UI Designers,7,7.6775870951532825,7680.0,6931.120254051498,75
ADV-0023,Data Scientists,1,1.1497592126833323,2382.8571428571427,2142.4225518223875,95
ADV-0023,QA Engineers,12,11.132281429373705,28594.285714285714,33207.73887620094,78
ADV-0023,Senior Developers,3,3.023048369524152,7148.571428571428,6675.075185259076,73
ADV-0023,Project Managers,8,8.751229724318012,19062.85714285714,20809.741124731503,81
ADV-0023,UX/UI Designers,7,6.355278904446548,16680.0,17887.837795116422,75
ADV-0024,DevOps Engineers,1,1.1956501276434932,1817.1428571428573,2052.373641402299,197
ADV-0024,Senior Developers,7,5.745666514082452,12720.0,14450.298436928637,102
ADV-0024,QA Engineers,4,4.799137089695477,7268.571428571429,5829.097636965117,80
ADV-0024,Project Managers,1,1.0038904301152718,1817.1428571428573,2168.50833910076,136
ADV-0024,Junior Developers,3,2.741609686615756,5451.428571428572,4773.446078221123,150
ADV-0024,Data Scientists,6,6.095188293367566,10902.857142857143,12845.256185824004,157
ADV-0025,Senior Developers,3,3.166020078156877,1405.7142857142856,1560.7342410507736,99
ADV-0025,UX/UI Designers,10,11.207303599502062,4685.714285714285,5241.914384547319,124
ADV-0025,Data Scientists,7,5.903521043606544,3280.0,3217.1323764398703,188
ADV-0025,Business Analysts,8,6.704796588713183,3748.5714285714284,4416.827696286897,191
ADV-0025,Project Managers,10,11.974312691276873,4685.714285714285,4694.209240346616,188
ADV-0026,QA Engineers,7,6.0855089853771345,4480.0,5090.723329500011,127
ADV-0026,Data Scientists,4,3.5245970814627756,2560.0,2918.363788914402,187
ADV-0026,UX/UI Designers,3,3.1987806007511512,1920.0,2491.7942972377987,198
ADV-0026,Senior Developers,4,3.225362947571002,2560.0,3229.662705432659,190
ADV-0026,Business Analysts,5,4.977901852876904,3200.0,2967.4620254239394,58
ADV-0027,Data Scientists,1,0.8223705400512903,1280.0,1655.4044740987688,195
ADV-0027,Senior Developers,1,0.9117357941106238,1280.0,1318.3882685939848,130
ADV-0027,DevOps Engineers,3,3.4626713323027576,3840.0,3378.3167168417735,116
ADV-0027,Business Analysts,4,3.51630448498318,5120.0,4533.2830881438995,51
ADV-0028,Business Analysts,8,7.072376883008687,11931.42857142857,13085.7729035315,184
ADV-0028,Project Managers,7,5.661549081466944,10440.0,13416.010147104218,119
ADV-0028,UX/UI Designers,3,2.7081960452702223,4474.285714285714,3780.373506686424,137
ADV-0029,DevOps Engineers,7,6.157231624362527,5680.0,4830.674216580173,96
ADV-0029,Data Scientists,10,8.623406146205774,8114.285714285714,9298.676730967316,114
ADV-0029,Project Managers,3,2.6511672910010504,2434.285714285714,2972.4986552912765,173
ADV-0030,Data Scientists,12,14.016192252220337,13988.571428571428,14006.241480685338,165
ADV-0030,UX/UI Designers,8,7.94781063406974,9325.714285714286,11781.480525552492,73
ADV-0030,Project Managers,3,3.2310168153134313,3497.142857142857,4351.761485871905,181
ADV-0031,DevOps Engineers,4,3.3677371955295863,3291.4285714285716,4166.387793889129,147
ADV-0031,Business Analysts,9,9.236671293855245,7405.714285714286,7850.777747457589,75
ADV-0031,UX/UI Designers,1,0.9446429273701558,822.8571428571429,979.4356357663297,141
ADV-0031,Project Managers,10,8.423220099426057,8228.57142857143,8091.655852500203,102
ADV-0031,Junior Developers,3,2.484486434883017,2468.571428571429,3154.7147727762717,157
ADV-0031,Senior Developers,1,1.1645367264865634,822.8571428571429,896.323446423506,116
ADV-0032,QA Engineers,4,3.805925368929855,3131.4285714285716,2778.3576301316557,197
ADV-0032,DevOps Engineers,3,3.1808692612005602,2348.571428571429,2635.347284490666,116
ADV-0032,UX/UI Designers,7,8.175419200982422,5480.0,6833.486177447262,159
ADV-0032,Junior Developers,2,2.1924076169746547,1565.7142857142858,1678.5443558225418,97
ADV-0032,Project Managers,3,2.600144802220409,2348.571428571429,2591.315311456205,74
ADV-0032,Data Scientists,4,4.090941911504386,3131.4285714285716,2648.2902723891907,88
ADV-0033,Data Scientists,10,9.310988903584512,24285.714285714286,22915.57214801391,123
ADV-0033,Project Managers,10,8.148886818277317,24285.714285714286,24147.661482371965,77
ADV-0033,Junior Developers,7,8.374096666301012,17000.0,19321.446459058494,187
ADV-0034,DevOps Engineers,3,2.58793537787118,1028.5714285714284,1260.7905455475045,154
ADV-0034,Business Analysts,2,2.0007012847116794,685.7142857142857,837.4416786509612,103
ADV-0034,QA Engineers,6,5.527357826820244,2057.142857142857,1745.8732070825185,172
ADV-0034,UX/UI Designers,6,6.394617087822427,2057.142857142857,2335.746740916246,142
ADV-0034,Junior Developers,1,1.1846451033733132,342.85714285714283,417.5211813503499,150
ADV-0034,Project Managers,6,6.824833271195946,2057.142857142857,2020.6968968775745,176
ADV-0035,Project Managers,7,7.73412503134343,4400.0,4757.841930386034,82
ADV-0035,DevOps Engineers,9,10.323803350098332,5657.142857142857,6134.641740198669,175
ADV-0035,Senior Developers,1,0.9211780671560336,628.5714285714286,529.6165714890544,136
ADV-0035,UX/UI Designers,4,4.348592928883086,2514.285714285714,3223.857597171176,103
ADV-0035,Data Scientists,6,5.505106729570386,3771.428571428571,4334.008745841159,95
ADV-0035,QA Engineers,9,8.79355745373756,5657.142857142857,6740.269651757134,98
ADV-0036,Data Scientists,10,9.772509381291659,13257.142857142859,13140.236937322792,141
ADV-0036,Junior Developers,3,3.3705593334013804,3977.1428571428573,4227.596621495473,66
ADV-0036,QA Engineers,1,1.0682909301770402,1325.7142857142858,1408.0774147564427,58
ADV-0036,DevOps Engineers,1,1.0894138293324354,1325.7142857142858,1679.2909870555472,198
ADV-0037,Senior Developers,2,1.6234395544827347,3017.1428571428573,3390.8462535259523,164
ADV-0037,Junior Developers,1,0.8306893597824092,1508.5714285714287,1478.3942815933465,95
ADV-0037,Business Analysts,2,1.8523331130069467,3017.1428571428573,3422.4520777888215,188
ADV-0038,UX/UI Designers,6,5.369966501669279,10937.142857142857,13515.511625496118,60
ADV-0038,Business Analysts,9,9.031341543178561,16405.714285714286,17538.485087690606,105
ADV-0038,DevOps Engineers,1,0.9842848685393102,1822.8571428571427,1631.3976663653295,79
ADV-0039,QA Engineers,6,6.348570346927996,14674.285714285716,13555.09981659063,151
ADV-0039,Business Analysts,4,4.520397866643489,9782.857142857143,11767.622366051954,184
ADV-0039,UX/UI Designers,9,9.712311823267719,22011.428571428572,22166.955983310534,107
ADV-0039,Junior Developers,7,6.090935875855208,17120.0,22250.3185566588,56
ADV-0040,Senior Developers,4,4.67323335941772,7931.428571428571,8602.547241094086,139
ADV-0040,QA Engineers,1,1.1780068376993975,1982.8571428571427,2040.5630497786253,168
ADV-0040,UX/UI Designers,6,6.974445770506472,11897.142857142857,14564.971317377276,179
ADV-0040,Business Analysts,7,6.319359997138422,13880.0,15472.200555152678,192
ADV-0041,Project Managers,10,8.240434224313585,5314.285714285715,5589.335901448963,189
ADV-0041,QA Engineers,7,8.2194644637248,3720.0,3605.3642306209017,161
ADV-0041,DevOps Engineers,9,7.341903306433307,4782.857142857143,4326.927457955688,134
ADV-0041,Data Scientists,7,8.310020784663795,3720.0,4515.355086109425,156
ADV-0042,Senior Developers,7,7.084146549794666,16280.0,17912.35301320022,138
ADV-0042,Data Scientists,3,2.951537702079512,6977.142857142858,6442.192918849926,116
ADV-0042,Junior Developers,7,6.383347406483714,16280.0,19069.056956008964,135
ADV-0042,UX/UI Designers,7,7.636351717266816,16280.0,18304.704030448476,82
ADV-0042,Business Analysts,7,6.840262830094211,16280.0,14167.72944730395,175
ADV-0042,QA Engineers,3,2.9287237368710097,6977.142857142858,6731.304672051572,155
ADV-0043,DevOps Engineers,8,9.223811812312261,7040.0,8040.415944663473,163
ADV-0043,QA Engineers,7,7.448940325439558,6160.0,7885.4716629391005,169
ADV-0043,Business Analysts,10,9.196993677040641,8800.0,8860.424749353453,149
ADV-0043,Data Scientists,3,2.6462641047528863,2640.0,2386.9265312026805,194
ADV-0043,UX/UI Designers,12,11.639012070390777,10560.0,9499.548419312514,189
ADV-0043,Project Managers,1,1.118934722259985,880.0,1027.5105351749892,55
ADV-0044,Project Managers,3,2.5647640501699254,2245.714285714286,2793.041669902079,111
ADV-0044,DevOps Engineers,7,7.747176913889764,5240.0,6674.620630968993,145
ADV-0044,Business Analysts,9,9.79721696559446,6737.142857142858,7379.881557193209,187
ADV-0044,QA Engineers,1,1.109861047917207,748.5714285714287,791.6862332117316,197
ADV-0044,UX/UI Designers,7,8.272383784899006,5240.0,5184.126430128693,95
ADV-0044,Senior Developers,9,9.802221134040765,6737.142857142858,5460.578594288265,127
ADV-0045,UX/UI Designers,10,11.997871576810319,5600.0,4883.209026975503,167
ADV-0045,DevOps Engineers,1,1.0206751871225848,560.0,465.8084021857833,83
ADV-0045,Junior Developers,3,2.916411808426887,1680.0,2181.3533987964097,111
ADV-0045,Project Managers,10,8.764968516304485,5600.0,7018.6292314655975,180
ADV-0045,Business Analysts,4,3.7556615588891162,2240.0,1838.0122487502222,93
ADV-0046,Data Scientists,4,4.7171176107889075,4868.571428571428,6044.80137454547,148
ADV-0046,Junior Developers,4,4.563150805689347,4868.571428571428,5604.516807044543,111
ADV-0046,Project Managers,3,3.2715642004425813,3651.428571428571,4649.361394301024,187
ADV-0047,DevOps Engineers,4,4.750311035478866,7062.857142857143,7936.955620927776,83
ADV-0047,Data Scientists,6,5.080954591156471,10594.285714285716,11214.750079393498,89
ADV-0047,Senior Developers,4,3.7756630614110875,7062.857142857143,7874.6351046468835,113
ADV-0047,Junior Developers,4,3.3798174916664414,7062.857142857143,9077.320132630699,195
ADV-0047,QA Engineers,6,5.818492862528723,10594.285714285716,10507.460459481326,162
ADV-0048,QA Engineers,4,4.329576425681309,5051.428571428572,4207.330355802833,104
ADV-0048,DevOps Engineers,1,0.9774805788118671,1262.857142857143,1255.7060568522288,165
ADV-0048,Junior Developers,7,6.22098257741393,8840.0,7186.20825721245,142
ADV-0048,UX/UI Designers,6,7.1601293291053745,7577.142857142858,8363.974742952503,73
ADV-0049,QA Engineers,3,3.1900795144524503,3034.285714285714,2481.993761569492,190
ADV-0049,Business Analysts,7,8.184872392911702,7080.0,6899.001274782729,137
ADV-0049,Project Managers,1,1.1196328583087818,1011.4285714285713,1236.7297529107977,177
ADV-0050,QA Engineers,6,6.545190743376333,10902.857142857143,13330.54169604026,64
ADV-0050,Senior Developers,1,0.8902658332208221,1817.1428571428573,1595.1721316753908,124
ADV-0050,Junior Developers,5,4.373814592900237,9085.714285714286,10868.96637290836,126
ADV-0050,Business Analysts,5,4.049634422890299,9085.714285714286,11804.890521346142,68
ADV-0050,Data Scientists,7,7.9565232873218825,12720.0,12499.733112262153,90
ADV-0050,Project Managers,6,5.582654535933104,10902.857142857143,9351.95769321868,75
ADV-0051,QA Engineers,7,8.030306597605968,17520.0,22121.524586388037,156
ADV-0051,Business Analysts,5,5.4291246921863126,12514.285714285714,10395.265957484773,117
ADV-0051,Senior Developers,2,2.0471625922163015,5005.714285714285,6433.731118737606,110
ADV-0052,Data Scientists,4,4.766821266247225,8342.857142857143,8839.347636070548,176
ADV-0052,QA Engineers,1,0.8577745936620311,2085.714285714286,2192.9027322115385,141
ADV-0052,Business Analysts,3,3.0261970503662274,6257.142857142858,6050.984554385106,133
ADV-0052,DevOps Engineers,1,1.1044023931798221,2085.714285714286,1677.4311034046616,80
ADV-0052,Junior Developers,3,2.4019214250588345,6257.142857142858,6738.8488431906035,102
ADV-0053,Business Analysts,1,0.873525155792726,1868.5714285714287,1797.1215676914615,135
ADV-0053,Project Managers,6,6.76499234492206,11211.428571428572,10033.851678125615,198
ADV-0053,UX/UI Designers,6,5.61875838196724,11211.428571428572,12646.499022369717,63
ADV-0053,DevOps Engineers,4,4.7596317494726605,7474.285714285715,8359.321357954097,65
ADV-0053,Senior Developers,4,4.680932814704435,7474.285714285715,7385.451505418395,180
ADV-0053,Junior Developers,1,1.165039738236556,1868.5714285714287,2113.458762969356,135
ADV-0054,QA Engineers,4,3.9002340842521632,2582.8571428571427,2714.350884983746,162
ADV-0054,DevOps Engineers,3,2.7443841593658522,1937.142857142857,2246.1359749492003,126
ADV-0054,Junior Developers,3,2.6126580682545506,1937.142857142857,1894.7677550590897,116
ADV-0054,Business Analysts,7,6.9520598955243615,4520.0,5008.703867487184,97
ADV-0054,UX/UI Designers,7,6.305595020603401,4520.0,3881.554158879964,194
ADV-0055,QA Engineers,1,1.1777854751528152,1685.7142857142858,1812.7248428109738,170
ADV-0055,Data Scientists,3,2.5548781497948756,5057.142857142858,4340.919697001098,149
ADV-0055,UX/UI Designers,6,6.886898805262124,10114.285714285716,9650.809301048206,86
ADV-0056,Junior Developers,9,9.109527193178073,23040.0,26182.95423618913,154
ADV-0056,DevOps Engineers,1,1.00067966640257,2560.0,2523.226778246904,100
ADV-0056,Business Analysts,9,8.946262472913704,23040.0,23113.340988796357,155
ADV-0057,UX/UI Designers,1,0.8686712780172868,1605.7142857142858,1941.5981149487313,60
ADV-0057,Junior Developers,4,4.3192445926441145,6422.857142857143,6923.425129027516,188
ADV-0057,Senior Developers,4,4.265224384424588,6422.857142857143,5582.739676080492,195
ADV-0057,Project Managers,1,0.935199512411396,1605.7142857142858,1797.8980541500573,177
ADV-0058,DevOps Engineers,7,5.8391269560144465,12400.0,13561.693185168579,179
ADV-0058,Junior Developers,6,6.244755247138686,10628.571428571428,9707.78760580272,116
ADV-0058,Business Analysts,7,6.336624083787734,12400.0,13004.681759370207,141
ADV-0058,Project Managers,2,2.313790332430485,3542.8571428571427,3170.069757979723,120
ADV-0058,Data Scientists,7,6.4977357383406344,12400.0,15282.968852488213,137
ADV-0058,QA Engineers,2,1.9343748064111097,3542.8571428571427,3258.312281520196,120
ADV-0059,QA Engineers,9,9.825895615415545,19131.428571428572,15932.453529202683,114
ADV-0059,Project Managers,3,3.3700293869976887,6377.142857142858,6246.4138776470245,197
ADV-0059,Senior Developers,7,7.7190098241267115,14880.0,18551.714187166286,176
ADV-0059,Business Analysts,6,5.164752437937723,12754.285714285716,14950.842624609772,79
ADV-0059,DevOps Engineers,9,10.107728528558606,19131.428571428572,18611.312342848745,73
ADV-0060,DevOps Engineers,4,4.573991949647328,3908.5714285714284,3384.255205946134,73
ADV-0060,Junior Developers,6,6.132709980787636,5862.857142857142,5432.526838907417,129
ADV-0060,UX/UI Designers,7,6.252925152380526,6840.0,7713.591046267062,92
ADV-0061,Senior Developers,5,4.03224929274443,8971.42857142857,10290.819133550547,88
ADV-0061,QA Engineers,2,2.0347875428664115,3588.5714285714284,3501.925044794662,187
ADV-0061,UX/UI Designers,3,2.8983137250873847,5382.857142857142,6467.602872694166,91
ADV-0062,Business Analysts,6,5.957499177590904,12411.428571428572,11690.809744042941,75
ADV-0062,QA Engineers,3,3.132052014549302,6205.714285714286,6078.089709769517,155
ADV-0062,Senior Developers,2,1.6198876127326354,4137.142857142857,3939.64225413029,101
ADV-0062,Data Scientists,3,2.951215212207387,6205.714285714286,5904.016062492925,98
ADV-0063,Business Analysts,1,1.0180333651439561,1520.0,1922.7405399907052,149
ADV-0063,Junior Developers,4,3.357674962260708,6080.0,7609.951811606299,154
ADV-0063,UX/UI Designers,6,5.113083383864684,9120.0,8291.325786443613,183
ADV-0063,Senior Developers,3,2.6923662832146995,4560.0,5256.212524042589,65
ADV-0064,UX/UI Designers,1,1.1555420393573677,1645.7142857142858,2046.314800044294,174
ADV-0064,DevOps Engineers,1,1.1146333883326025,1645.7142857142858,1789.772230561713,121
ADV-0064,Project Managers,5,5.715528291572058,8228.57142857143,8844.416696187067,69
ADV-0064,QA Engineers,4,4.693528168399763,6582.857142857143,6002.257530482483,181
ADV-0065,Junior Developers,7,8.242567536965485,16000.0,17305.31510763164,195
ADV-0065,QA Engineers,7,8.227653393149142,16000.0,14704.99874603199,82
ADV-0065,UX/UI Designers,3,3.0842246589597657,6857.142857142858,5873.977548479384,174
ADV-0065,Project Managers,3,3.2150060394455915,6857.142857142858,8895.64888006123,160
ADV-0066,Senior Developers,10,10.899724790078476,7142.857142857143,9284.827012246587,199
ADV-0066,Project Managers,1,0.8696842700285564,714.2857142857143,781.1956397296528,74
ADV-0066,Data Scientists,4,4.115704297008122,2857.1428571428573,3481.233460323703,58
ADV-0067,QA Engineers,4,4.157099999901646,3062.8571428571427,2547.0540505461163,119
ADV-0067,DevOps Engineers,5,5.585680090547054,3828.5714285714284,3608.785769504949,142
ADV-0067,Junior Developers,2,1.785831723277162,1531.4285714285713,1971.781032804739,128
ADV-0067,Senior Developers,2,2.0090712718369064,1531.4285714285713,1445.087660735021,100
ADV-0067,UX/UI Designers,6,5.888198953498243,4594.285714285714,5367.950952122852,131
ADV-0067,Data Scientists,2,1.8840122129089973,1531.4285714285713,1267.0618721302042,88
ADV-0068,Junior Developers,6,5.558245973725528,5554.285714285714,5840.702329186762,110
ADV-0068,QA Engineers,4,4.701950883164581,3702.8571428571427,4581.81743891673,173
ADV-0068,Data Scientists,7,7.141526841735988,6480.0,7939.8798392733825,110
ADV-0068,Senior Developers,2,1.9187830096873715,1851.4285714285713,1762.100761611247,50
ADV-0068,Project Managers,6,5.485391078972727,5554.285714285714,5741.42997158681,72
ADV-0069,DevOps Engineers,7,7.075088064941157,10040.0,8524.183581316918,190
ADV-0069,Senior Developers,9,7.989801801106487,12908.571428571428,11040.334321974524,148
ADV-0069,Data Scientists,7,7.839137213607815,10040.0,10206.91968019132,59
ADV-0069,Project Managers,7,6.103039504343169,10040.0,10867.504012321482,79
ADV-0069,QA Engineers,10,11.182177567706592,14342.857142857141,11566.235257918916,179
ADV-0069,Junior Developers,7,7.099317608855746,10040.0,8306.665157664873,171
ADV-0070,Junior Developers,1,1.1237709953851258,1777.1428571428573,1952.7362925142722,83
ADV-0070,Business Analysts,3,3.2972406168157073,5331.428571428572,6318.352681003806,179
ADV-0070,Project Managers,7,6.197904938075064,12440.0,11178.849383558845,50
ADV-0070,QA Engineers,6,6.847066088122304,10662.857142857143,10075.99887735209,64
ADV-0070,UX/UI Designers,6,7.04438057370389,10662.857142857143,10253.372772096762,118
ADV-0070,Data Scientists,2,1.6848734236903273,3554.2857142857147,3537.025940538489,188
ADV-0071,Data Scientists,7,7.23969166995062,11400.0,10766.384662521827,131
ADV-0071,UX/UI Designers,1,1.0980965944689765,1628.5714285714287,1888.4911806994103,159
ADV-0071,QA Engineers,4,3.6957850390535754,6514.285714285715,7939.12577174742,119
ADV-0071,Business Analysts,9,8.754906712124983,14657.142857142857,17992.217314320715,152
ADV-0072,QA Engineers,1,1.040976443944577,2017.1428571428573,2309.450753122475,119
ADV-0072,UX/UI Designers,7,7.659339487333094,14120.0,14883.67177278838,153
ADV-0072,DevOps Engineers,3,2.486288060779735,6051.428571428572,6759.111257373018,71
ADV-0072,Data Scientists,1,0.8310849673566902,2017.1428571428573,2579.6903723891623,72
ADV-0072,Project Managers,7,6.103023410274957,14120.0,14069.443879958702,193
ADV-0072,Junior Developers,1,1.0012290401086437,2017.1428571428573,2579.9048905624527,80
ADV-0073,Junior Developers,5,4.657208678959686,10428.57142857143,10096.46363515741,108
ADV-0073,Project Managers,1,0.8722546791765262,2085.714285714286,2167.352967547231,171
ADV-0073,Business Analysts,4,3.2156470084892192,8342.857142857143,6798.5546739646525,123
ADV-0073,UX/UI Designers,7,7.992474232919129,14600.0,15590.318450615217,124
ADV-0074,QA Engineers,6,5.659725698983375,5382.857142857142,4863.0665904222715,124
ADV-0074,Project Managers,5,4.954096450358709,4485.714285714285,4733.960407974395,69
ADV-0074,Senior Developers,7,6.953526262264411,6280.0,7397.483231842943,80
ADV-0074,Business Analysts,2,2.24123156857526,1794.2857142857142,1538.9615120706405,74
ADV-0074,UX/UI Designers,7,8.004756433559928,6280.0,7160.979881872646,185
ADV-0074,DevOps Engineers,7,7.742757467527479,6280.0,7419.342413367945,135
ADV-0075,Business Analysts,1,1.1204656268700635,2268.5714285714284,2125.745796198501,58
ADV-0075,Project Managers,10,8.27876278692048,22685.714285714286,28394.98270255754,188
ADV-0075,QA Engineers,7,6.41722809570192,15880.0,14413.952705865591,185
ADV-0075,DevOps Engineers,7,7.322973953760007,15880.0,19936.023762298646,96
ADV-0075,Data Scientists,10,8.193856929903289,22685.714285714286,28747.45958413635,133
ADV-0075,UX/UI Designers,7,5.710761018375317,15880.0,17591.487828153844,122
ADV-0076,Senior Developers,6,6.475369311368164,11828.571428571428,13302.139163428303,151
ADV-0076,Data Scientists,3,2.912534935703201,5914.285714285714,5007.980936925246,68
ADV-0076,Junior Developers,4,3.278959301915874,7885.714285714285,8065.8704872585995,77
ADV-0076,UX/UI Designers,7,7.720129535109514,13800.0,13680.831420092622,107
ADV-0076,DevOps Engineers,1,1.0692032665154707,1971.4285714285713,2431.9071202725345,133
ADV-0077,UX/UI Designers,8,8.842543718391301,18011.428571428572,19509.284909385457,190
ADV-0077,Data Scientists,7,5.656340821188608,15760.0,19562.061427936915,92
ADV-0077,Junior Developers,4,4.5110371695463884,9005.714285714286,7236.52610060555,65
ADV-0077,Business Analysts,7,7.496441921739847,15760.0,16869.233174648278,112
ADV-0077,QA Engineers,7,7.087751869062506,15760.0,20141.12286354945,82
ADV-0077,DevOps Engineers,7,7.397908658071459,15760.0,20123.18457675466,141
ADV-0078,Junior Developers,10,11.611317228143857,23200.0,26579.100524288657,94
ADV-0078,Project Managers,10,8.449544197289043,23200.0,23366.19336263441,95
ADV-0078,UX/UI Designers,10,11.399370418388095,23200.0,26014.484048446804,124
ADV-0079,Business Analysts,5,5.655849909090625,10485.714285714286,12313.752690244482,137
ADV-0079,Project Managers,1,1.0034767762917505,2097.1428571428573,2382.650667063791,82
ADV-0079,DevOps Engineers,1,1.1370138033407207,2097.1428571428573,2553.226104126077,136
ADV-0079,Data Scientists,5,4.941411894631875,10485.714285714286,10640.105403255484,65
ADV-0079,QA Engineers,6,7.07256695870524,12582.857142857143,10261.748636566552,64
ADV-0079,Junior Developers,1,0.8333516215075039,2097.1428571428573,1929.3178504759223,63
ADV-0080,QA Engineers,6,6.40088845710085,10560.0,11509.011966881997,116
ADV-0080,DevOps Engineers,3,3.1458087733657005,5280.0,5136.437245898085,106
ADV-0080,Data Scientists,4,3.7899246784063383,7040.0,7011.833114489803,132
ADV-0080,Project Managers,1,0.9384434000657631,1760.0,1748.7212812572222,160
ADV-0080,UX/UI Designers,7,7.492499343924589,12320.0,10479.860922798998,180
ADV-0081,Data Scientists,1,0.9118695426185773,1285.7142857142858,1546.6537559143553,179
ADV-0081,Project Managers,7,8.02380610184365,9000.0,9469.185573568642,58
ADV-0081,QA Engineers,5,4.712809471699329,6428.571428571429,5395.295066119711,101
ADV-0081,Junior Developers,1,1.126717347829739,1285.7142857142858,1382.586778732368,100
ADV-0081,Senior Developers,1,0.960725383440678,1285.7142857142858,1478.863842058516,93
ADV-0081,DevOps Engineers,6,4.806988122801093,7714.285714285715,8550.841201579986,177
ADV-0082,DevOps Engineers,1,1.0343113083724191,2251.4285714285716,2121.1702454388887,158
ADV-0082,Senior Developers,6,7.000706671445973,13508.571428571428,16638.71015522702,143
ADV-0082,UX/UI Designers,6,6.87111371154114,13508.571428571428,11844.883705852377,74
ADV-0082,Data Scientists,6,6.013854801286106,13508.571428571428,14797.396366437086,175
ADV-0083,Business Analysts,3,2.859670567705204,1525.7142857142856,1932.048693842405,165
ADV-0083,Junior Developers,1,0.854197807571538,508.57142857142856,609.0874816149826,121
ADV-0083,DevOps Engineers,7,8.203637350422863,3560.0,3786.5141669122054,72
ADV-0083,UX/UI Designers,1,0.8478987154002128,508.57142857142856,531.5713417414272,82
ADV-0084,Data Scientists,3,3.4795349872467782,5245.714285714286,4844.326424699325,138
ADV-0084,Senior Developers,10,10.708375139134576,17485.714285714286,18536.872276158443,63
ADV-0084,Junior Developers,7,7.282680145992993,12240.0,10593.809466140849,132
ADV-0084,Project Managers,3,3.5093931393288633,5245.714285714286,4832.07221773151,121
ADV-0084,DevOps Engineers,6,7.1351079238849,10491.428571428572,8495.152372737964,166
ADV-0085,Project Managers,3,2.4699303618726893,2828.571428571429,3402.217437037388,112
ADV-0085,UX/UI Designers,1,1.095318204191323,942.8571428571429,1016.7343638034882,165
ADV-0085,Senior Developers,10,9.190715034249488,9428.57142857143,9711.73083609565,196
ADV-0085,Data Scientists,7,7.332038417401923,6600.0,7438.18093068682,64
ADV-0085,Junior Developers,3,2.5091225398956496,2828.571428571429,2384.19477435785,101
ADV-0086,Senior Developers,7,5.720876814416236,4400.0,4515.090877112938,187
ADV-0086,UX/UI Designers,12,13.624093939435276,7542.857142857142,7241.5582460793985,87
ADV-0086,Data Scientists,12,9.643994640882319,7542.857142857142,9389.910477685433,102
ADV-0086,Project Managers,10,10.453607386088684,6285.714285714285,8042.64741020075,69
ADV-0086,Junior Developers,12,9.735318434146667,7542.857142857142,6286.937841721482,59
ADV-0087,Junior Developers,2,1.9327309234380077,1600.0,1985.1886556711286,86
ADV-0087,QA Engineers,7,7.527523613986199,5600.0,4774.273140598188,101
ADV-0087,Senior Developers,5,5.6087488282754006,4000.0,5016.167374119709,186
ADV-0087,Data Scientists,7,7.20131306288507,5600.0,6419.203840217229,158
ADV-0087,Project Managers,5,5.568559629909138,4000.0,4183.735643834414,65
ADV-0087,UX/UI Designers,6,5.578815958005474,4800.0,4507.544737077386,156
ADV-0088,UX/UI Designers,2,1.9686949882157216,2194.285714285714,2065.555046993729,119
ADV-0088,Project Managers,6,5.967461729140499,6582.857142857142,5800.100700039642,106
ADV-0088,Junior Developers,5,5.338107030633896,5485.714285714285,6106.3111533597985,62
ADV-0088,Senior Developers,2,1.706059261987586,2194.285714285714,2793.080499835992,113
ADV-0088,QA Engineers,7,8.214060802363504,7680.0,7160.894675628744,64
ADV-0088,DevOps Engineers,6,4.9851464978065465,6582.857142857142,6930.617496456036,81
ADV-0089,Junior Developers,4,3.5828141804023423,7862.857142857143,8867.845917340861,167
ADV-0089,Business Analysts,2,2.2582081944258654,3931.4285714285716,3676.5709436027487,156
ADV-0089,QA Engineers,7,6.480415496271935,13760.0,14185.228593146687,150
ADV-0090,Senior Developers,4,3.857492647940413,10217.142857142857,11902.404978440092,141
ADV-0090,Junior Developers,6,6.506692360836686,15325.714285714284,17619.30644153864,172
ADV-0090,QA Engineers,6,5.899807955436115,15325.714285714284,18848.696042421,141
ADV-0091,Junior Developers,3,2.97961693541274,3377.142857142857,3109.9509254871195,125
ADV-0091,UX/UI Designers,4,4.3995611948536695,4502.857142857143,4454.1082696169315,73
ADV-0091,Senior Developers,3,3.1831224182585283,3377.142857142857,4325.93128310541,131
ADV-0091,Data Scientists,6,5.579292802219834,6754.285714285714,6746.7660043133965,117
ADV-0091,Business Analysts,6,5.555532141409364,6754.285714285714,5858.48933538495,123
ADV-0092,QA Engineers,1,1.0370272731059307,1388.5714285714287,1751.1436180332316,138
ADV-0092,Business Analysts,1,1.1658104615208225,1388.5714285714287,1287.7386385081563,76
ADV-0092,UX/UI Designers,1,1.1030193572533484,1388.5714285714287,1636.726571770623,152
ADV-0092,Project Managers,4,3.4097277787275253,5554.285714285715,5947.9743742361925,100
ADV-0093,Data Scientists,12,14.147073116337419,26674.285714285714,33775.56711732993,105
ADV-0093,UX/UI Designers,12,12.08831820783871,26674.285714285714,23146.83647366171,127
ADV-0093,QA Engineers,1,0.8734318509420584,2222.8571428571427,2816.3460165754514,168
ADV-0093,Senior Developers,12,11.439189449083804,26674.285714285714,26762.798021425835,72
ADV-0093,DevOps Engineers,8,6.871852535763632,17782.85714285714,18753.031013438766,149
ADV-0093,Business Analysts,4,4.343523706211612,8891.42857142857,9628.293739981666,120
ADV-0094,Data Scientists,4,4.757430866297669,7588.571428571429,8152.532449424021,62
ADV-0094,DevOps Engineers,4,4.7487516748319285,7588.571428571429,8122.64560716117,141
ADV-0094,Senior Developers,7,5.908049619157122,13280.0,16329.917675107961,95
ADV-0094,Junior Developers,3,2.487771011373941,5691.428571428572,6151.251495780117,152
ADV-0095,Project Managers,4,4.620173327190328,9120.0,8594.176192641879,109
ADV-0095,Data Scientists,1,1.147520438327128,2280.0,2523.0142112471535,192
ADV-0095,Senior Developers,2,2.3244657100585058,4560.0,5516.295506368433,149
ADV-0095,Junior Developers,2,2.260366660637028,4560.0,5233.536329810972,140
ADV-0096,QA Engineers,12,10.381932741491491,8777.142857142857,10808.045469078203,169
ADV-0096,Business Analysts,7,8.160153239466153,5120.0,6280.693077854571,99
ADV-0096,DevOps Engineers,10,9.282651018945728,7314.285714285714,9157.314066980165,111
ADV-0097,Data Scientists,1,0.8175524353474974,531.4285714285714,438.56341367829214,70
ADV-0097,Senior Developers,6,5.581870904989484,3188.571428571429,3803.4382446623526,178
ADV-0097,Junior Developers,7,6.514964674834126,3720.0,3736.355012124381,80
ADV-0097,Project Managers,7,5.735975625227853,3720.0,3124.156305373987,177
ADV-0097,UX/UI Designers,8,6.803689908121014,4251.428571428572,5305.026428227124,81
ADV-0097,Business Analysts,2,1.6237890090356821,1062.857142857143,928.646239109519,130
ADV-0098,Junior Developers,6,6.632647361011232,11005.714285714284,11179.518336800922,114
ADV-0098,DevOps Engineers,7,5.7412755977363465,12840.0,14503.002652655588,108
ADV-0098,UX/UI Designers,4,3.5325181463341373,7337.142857142857,8153.581213536108,106
ADV-0098,Project Managers,1,1.1799316821945462,1834.2857142857142,2318.2386509181306,105
ADV-0098,QA Engineers,1,1.1847459497391994,1834.2857142857142,1780.1927865548196,183
ADV-0098,Business Analysts,1,1.057110620023946,1834.2857142857142,1526.3574973383718,180
ADV-0099,Business Analysts,1,0.9396209697846205,640.0,721.0199005305001,51
ADV-0099,DevOps Engineers,1,0.9721265712169563,640.0,553.291650844616,110
ADV-0099,Junior Developers,1,0.8287923273853287,640.0,726.3903757109301,180
ADV-0100,Project Managers,3,3.3471487856125255,4525.714285714286,4293.931449774646,86
ADV-0100,Senior Developers,6,6.649660729824562,9051.428571428572,9240.825344607798,188
ADV-0100,QA Engineers,7,7.471813723222751,10560.0,8476.504302729818,167
ADV-0100,Junior Developers,6,5.569759421627215,9051.428571428572,7783.874927258784,194
ADV-0100,UX/UI Designers,6,6.486879465720244,9051.428571428572,9424.149241128804,143
ADV-0101,UX/UI Designers,4,3.54330371214856,4228.571428571428,3792.582732049379,80
ADV-0101,Senior Developers,4,4.121854927721546,4228.571428571428,3589.7548057433514,110
ADV-0101,Business Analysts,10,11.134335578971534,10571.42857142857,13704.646642995878,53
ADV-0101,Project Managers,4,4.736909658117495,4228.571428571428,3795.2585555854544,161
ADV-0101,DevOps Engineers,7,7.542817358519503,7400.0,7386.2258712192925,176
ADV-0102,UX/UI Designers,1,0.9071097258416471,1680.0,1774.5640213763377,154
ADV-0102,Business Analysts,6,6.4959420521974405,10080.0,10436.756384944045,164
ADV-0102,Senior Developers,3,2.4506405622975582,5040.0,4861.889619255911,181
ADV-0102,Data Scientists,5,5.520929212552134,8400.0,7427.450314754044,171
ADV-0102,DevOps Engineers,1,0.878842415529461,1680.0,2138.4507622871074,107
ADV-0103,DevOps Engineers,7,6.870770378659352,4080.0,4701.167018279837,149
ADV-0103,Data Scientists,3,2.976161927566048,1748.5714285714284,2141.650438698949,134
ADV-0103,Project Managers,5,5.029339048103655,2914.285714285714,3578.2236248969225,193
ADV-0103,Senior Developers,3,3.159922700804987,1748.5714285714284,1988.289160976748,175
ADV-0103,QA Engineers,2,1.8104206685942272,1165.7142857142858,1106.4597134052851,190
ADV-0103,Business Analysts,3,3.2206520893959674,1748.5714285714284,1996.3741515385673,103
ADV-0104,Data Scientists,6,6.146760509844418,10251.428571428572,13260.735868993903,80
ADV-0104,UX/UI Designers,1,0.809682417769012,1708.5714285714287,2131.3311171741443,177
ADV-0104,Senior Developers,7,5.669152433521112,11960.0,13454.186251781399,175
ADV-0105,UX/UI Designers,7,6.379008123792702,17200.0,18374.572434246136,156
ADV-0105,Data Scientists,3,2.4220571877302906,7371.428571428572,6371.050446514438,156
ADV-0105,DevOps Engineers,1,1.0503935655671814,2457.1428571428573,2335.9956347986704,61
ADV-0105,Business Analysts,8,8.014159187402997,19657.14285714286,20335.70788723118,108
ADV-0106,Project Managers,4,3.732374646374169,3885.7142857142853,4071.627782158644,106
ADV-0106,Data Scientists,1,0.9735113097628615,971.4285714285713,820.6240955870376,94
ADV-0106,Business Analysts,4,3.687741070810027,3885.7142857142853,4111.3476205104525,101
ADV-0106,DevOps Engineers,2,1.8390905510294941,1942.8571428571427,2393.5561128092386,162
ADV-0106,Senior Developers,4,4.1860064649133,3885.7142857142853,3334.29368712223,118
ADV-0107,DevOps Engineers,7,6.764169442771024,12320.0,12260.718907649236,100
ADV-0107,Business Analysts,8,6.721983927112289,14080.0,13852.667897217903,123
ADV-0107,Project Managers,12,12.974360285504734,21120.0,26271.93816035005,178
ADV-0107,UX/UI Designers,4,3.8906563426300536,7040.0,6277.5868271062845,108
ADV-0107,Senior Developers,7,7.057277057990273,12320.0,15048.571957736902,78
ADV-0107,QA Engineers,1,0.8509632286781716,1760.0,1654.049260727716,171
ADV-0108,QA Engineers,2,1.7073619410610803,2400.0,2010.171543813104,199
ADV-0108,DevOps Engineers,3,3.312727897668074,3600.0,4396.268400872979,70
ADV-0108,Business Analysts,6,6.087384919392074,7200.0,6178.585249054371,90
ADV-0108,Project Managers,2,2.0832039981916,2400.0,2241.4482993809293,78
ADV-0108,UX/UI Designers,8,9.547941932790419,9600.0,9075.467076579193,110
ADV-0109,UX/UI Designers,6,5.950691947559438,8297.142857142857,7704.295776576292,127
ADV-0109,Senior Developers,1,0.9473181870622838,1382.8571428571427,1738.1231842149612,193
ADV-0109,Project Managers,1,1.1346480841470632,1382.8571428571427,1371.4724343114926,104
ADV-0110,DevOps Engineers,3,2.8009716268606346,6771.428571428572,7496.543107508251,78
ADV-0110,Senior Developers,6,6.889913213611472,13542.857142857143,11094.063861180035,161
ADV-0110,Business Analysts,7,7.99082478187057,15800.0,18160.78599652366,123
ADV-0110,Data Scientists,1,0.9786958101245571,2257.1428571428573,2789.3228094314513,163
ADV-0110,QA Engineers,4,3.9031445989735074,9028.57142857143,7846.937124862316,136
ADV-0111,QA Engineers,6,6.428784225184552,5280.0,5289.627273462781,118
ADV-0111,Senior Developers,3,3.5199953029396167,2640.0,3278.565860404602,79
ADV-0111,Junior Developers,4,3.325341148419211,3520.0,4331.559795308109,56
ADV-0111,Data Scientists,1,0.885140034415343,880.0,1078.1397915893435,181
ADV-0111,Project Managers,2,1.8209911532985148,1760.0,2262.9343939876426,87
ADV-0111,Business Analysts,2,2.1451680923402177,1760.0,1606.2111140550169,88
ADV-0112,UX/UI Designers,6,6.147547064968025,14845.714285714284,18436.398126239837,69
ADV-0112,QA Engineers,5,5.9232040511497575,12371.42857142857,12951.952882022964,136
ADV-0112,Senior Developers,2,1.8281954738454134,4948.571428571428,5989.197704180326,61
ADV-0112,Junior Developers,1,0.8225527415412927,2474.285714285714,2953.030060377314,164
ADV-0112,Project Managers,2,2.0482789394802587,4948.571428571428,5210.373676471307,127
ADV-0112,Business Analysts,5,5.170750845581913,12371.42857142857,13687.03316063007,190
ADV-0113,Data Scientists,3,2.501578504301555,1148.5714285714284,1067.8550953848094,196
ADV-0113,Business Analysts,1,1.0000791742091142,382.85714285714283,349.27719896517533,134
ADV-0113,DevOps Engineers,10,11.306969714303426,3828.5714285714284,3437.5709708493455,58
ADV-0113,QA Engineers,1,0.8244866632574288,382.85714285714283,343.0157238717189,69
ADV-0114,Senior Developers,2,2.369067704955845,5108.571428571428,5998.500776851725,66
ADV-0114,DevOps Engineers,4,4.706906400080249,10217.142857142857,9391.73655991094,133
ADV-0114,Data Scientists,3,3.0872193790280273,7662.857142857142,6533.601665389287,57
ADV-0115,Project Managers,1,0.9798395624030949,2394.285714285714,2670.3333262065134,53
ADV-0115,UX/UI Designers,7,7.900299618091121,16760.0,18215.00144956157,159
ADV-0115,Data Scientists,3,2.819502234941271,7182.857142857142,8011.942158791158,80
ADV-0115,Senior Developers,8,7.494472525593541,19154.285714285714,19083.29754060127,121
ADV-0116,Junior Developers,1,0.8150789561690683,2554.285714285714,3091.5050785098633,68
ADV-0116,UX/UI Designers,6,5.155441916705106,15325.714285714284,16416.13867033067,59
ADV-0116,Senior Developers,9,10.557129908888005,22988.571428571428,20963.02985133754,129
ADV-0116,Business Analysts,4,4.2748468324077855,10217.142857142857,11777.794324740307,198
ADV-0116,DevOps Engineers,9,7.63257333144824,22988.571428571428,18405.62069684092,66
ADV-0116,Project Managers,6,5.80187588135151,15325.714285714284,17433.995296670666,195
ADV-0117,UX/UI Designers,7,5.807693347664074,9720.0,10312.25075531439,55
ADV-0117,DevOps Engineers,1,1.0899650986497758,1388.5714285714287,1694.0559092807948,67
ADV-0117,Project Managers,1,1.1960890138460294,1388.5714285714287,1192.475461532536,185
ADV-0117,Data Scientists,4,4.375760832799362,5554.285714285715,5085.821100454142,131
ADV-0118,QA Engineers,2,2.323227989163647,3885.7142857142853,4235.872576844046,195
ADV-0118,UX/UI Designers,5,4.375807177596833,9714.285714285714,11026.94788364403,129
ADV-0118,Business Analysts,7,6.191383124046265,13600.0,13167.86239235907,112
ADV-0118,DevOps Engineers,1,0.989151728884218,1942.8571428571427,2370.8720906939575,193
ADV-0118,Junior Developers,4,3.2809549658825308,7771.428571428571,8698.34134076172,113
ADV-0119,Project Managers,4,4.577653439955585,5805.714285714285,5916.120557728026,54
ADV-0119,Business Analysts,6,6.4574945809952204,8708.571428571428,7651.5061531531765,170
ADV-0119,Junior Developers,9,10.402874685257993,13062.857142857143,14699.67574901231,78
ADV-0119,Data Scientists,10,8.163806128597919,14514.285714285714,15797.952909832691,105
ADV-0119,DevOps Engineers,3,3.4054479241432354,4354.285714285714,5413.179740248005,116
ADV-0119,Senior Developers,10,8.418111551502777,14514.285714285714,18302.868449722435,103
ADV-0120,QA Engineers,2,1.866152143754136,4697.142857142857,4814.628356833868,147
ADV-0120,Project Managers,7,6.061209691440347,16440.0,15311.339007213644,167
ADV-0120,Data Scientists,4,4.296704835794066,9394.285714285714,9786.600796422896,169
ADV-0120,UX/UI Designers,2,1.6585964832859121,4697.142857142857,4104.018210333713,126
ADV-0120,Senior Developers,3,2.627823192325163,7045.714285714286,8482.821688593176,166
ADV-0121,Data Scientists,8,6.900566140229182,11611.42857142857,13476.730658728044,56
ADV-0121,QA Engineers,12,13.333812986577009,17417.142857142855,19345.7816007368,130
ADV-0121,UX/UI Designers,10,9.109706939203917,14514.285714285714,14205.953869157662,115
ADV-0121,DevOps Engineers,3,2.8108008989531887,4354.285714285714,5379.649460272164,126
ADV-0121,Business Analysts,8,9.517775881953527,11611.42857142857,11160.09462926055,169
ADV-0122,UX/UI Designers,6,6.598356852341842,7337.142857142858,7989.69763591465,54
ADV-0122,Data Scientists,7,8.202615975030817,8560.0,7990.328953062744,116
ADV-0122,Business Analysts,10,10.222100272250877,12228.57142857143,13326.895601576834,142
ADV-0122,Project Managers,9,9.890008722318912,11005.714285714286,13031.257550955292,109
ADV-0123,QA Engineers,9,9.250276603255317,7817.142857142858,9063.941015357781,170
ADV-0123,Business Analysts,10,10.371938991021976,8685.714285714286,8063.216481833686,192
ADV-0123,Project Managers,1,0.9657719249868146,868.5714285714287,989.3560578102009,139
ADV-0123,Junior Developers,6,6.507037979305087,5211.428571428572,4858.743853025344,54
ADV-0123,Data Scientists,7,7.16911707069584,6080.0,4965.97944909296,153
ADV-0124,Business Analysts,6,5.616518972292803,7508.571428571428,8994.467899331212,103
ADV-0124,QA Engineers,6,4.838048508896561,7508.571428571428,7807.109364469483,58
ADV-0124,UX/UI Designers,7,6.824081738768497,8760.0,8438.89791868906,95
ADV-0124,Senior Developers,9,7.399259241185143,11262.857142857143,12287.018400802226,72
ADV-0124,Project Managers,4,3.4274253657566685,5005.714285714285,5744.7038830336,126
ADV-0124,DevOps Engineers,4,4.689332582681292,5005.714285714285,5391.300411174699,89
ADV-0125,QA Engineers,10,11.713343088022487,6857.142857142857,7429.826686289924,87
ADV-0125,Business Analysts,12,14.081658749438088,8228.571428571428,8329.67015527936,156
ADV-0125,DevOps Engineers,7,5.9951531312381015,4800.0,5105.8955129321575,186
ADV-0125,Junior Developers,3,3.4495269534037987,2057.142857142857,1997.043051028397,139
ADV-0125,UX/UI Designers,4,4.127734781249744,2742.8571428571427,3191.2840039247053,73
ADV-0125,Senior Developers,7,7.660669969442498,4800.0,4233.436130287687,169
ADV-0126,DevOps Engineers,4,4.159088867244194,4137.142857142857,4268.271686784467,74
ADV-0126,QA Engineers,6,5.526336817528355,6205.714285714286,7265.767631482106,125
ADV-0126,Senior Developers,1,1.1557275039713277,1034.2857142857142,1249.0833911938762,87
ADV-0126,Business Analysts,1,1.067873588985309,1034.2857142857142,1119.6311057732769,138
ADV-0127,UX/UI Designers,5,5.118950518912692,3142.8571428571427,3461.3385100556507,129
ADV-0127,Senior Developers,7,7.21608055454719,4400.0,3698.089344449184,92
ADV-0127,DevOps Engineers,4,4.772126276787527,2514.285714285714,3100.9834094163825,81
ADV-0128,QA Engineers,6,5.047070747280687,11520.0,11393.423708742157,96
ADV-0128,UX/UI Designers,7,7.584543770567832,13440.0,14138.132714437357,114
ADV-0128,DevOps Engineers,5,4.668430674520229,9600.0,9237.303497448318,150
ADV-0128,Junior Developers,7,6.824573202811266,13440.0,15789.308244331525,187
ADV-0129,UX/UI Designers,2,1.8306366436434052,731.4285714285713,816.4469768819116,109
ADV-0129,QA Engineers,7,6.969805496326654,2560.0,3257.2801026690713,95
ADV-0129,Project Managers,6,6.429362021352498,2194.285714285714,2304.326810763694,172
ADV-0130,QA Engineers,3,3.545568192859477,2588.571428571429,2412.0378978071926,52
ADV-0130,DevOps Engineers,3,2.400860230447896,2588.571428571429,3011.9726633928954,119
ADV-0130,Senior Developers,7,6.2540252158226055,6040.0,5328.866624626294,193
ADV-0130,Project Managers,8,9.556319753421318,6902.857142857143,5946.9913294203225,126
ADV-0130,Business Analysts,8,6.742372035758795,6902.857142857143,5920.239191798776,141
ADV-0131,UX/UI Designers,4,3.6111236792135517,5234.285714285715,6423.9568464397125,148
ADV-0131,QA Engineers,2,1.645212552637406,2617.1428571428573,2385.6435098513516,109
ADV-0131,Data Scientists,2,1.7839346966893062,2617.1428571428573,2658.3734825434867,150
ADV-0131,Senior Developers,3,3.5286447613235374,3925.714285714286,3638.143452821971,156
ADV-0131,DevOps Engineers,7,6.66721126969726,9160.0,8951.26188330223,120
ADV-0132,Data Scientists,2,2.283792494873583,4297.142857142857,4633.893415528377,125
ADV-0132,Junior Developers,3,2.924232043868552,6445.714285714286,5750.285846875125,117
ADV-0132,DevOps Engineers,1,0.8502096724911504,2148.5714285714284,2154.1739610300824,181
ADV-0132,Senior Developers,7,6.043201516965475,15040.0,18623.734890731157,50
ADV-0133,Junior Developers,4,4.306982253057351,1851.4285714285713,2041.8472968828562,194
ADV-0133,QA Engineers,9,9.245948943880533,4165.714285714285,5142.78063171522,62
ADV-0133,DevOps Engineers,4,4.288380406150052,1851.4285714285713,1603.0999745164468,177
ADV-0133,Senior Developers,4,3.2533171191032135,1851.4285714285713,2283.207081540563,94
ADV-0133,Business Analysts,6,6.349822027051278,2777.142857142857,2386.0686935306594,184
ADV-0133,Data Scientists,10,10.049201443661866,4628.571428571428,5638.878390992535,161
ADV-0134,Senior Developers,12,10.2545813041414,26400.0,24173.80301424199,156
ADV-0134,UX/UI Designers,12,10.55102756075317,26400.0,21850.38751055617,174
ADV-0134,Project Managers,7,6.649017813241521,15400.0,15417.51570922204,157
ADV-0134,QA Engineers,3,3.581330344300042,6600.0,6699.182639131206,184
ADV-0134,DevOps Engineers,3,2.4383933521731898,6600.0,8049.386245030215,90
ADV-0135,DevOps Engineers,3,3.445517622324189,1028.5714285714284,1137.0137572372373,163
ADV-0135,Business Analysts,4,3.821811664638142,1371.4285714285713,1250.9303439373064,183
ADV-0135,Junior Developers,7,5.862701242707241,2400.0,2816.005157743964,141
ADV-0135,UX/UI Designers,3,3.3871775126326673,1028.5714285714284,876.682611724061,193
ADV-0135,QA Engineers,8,7.413127791447721,2742.8571428571427,2734.7432893851865,161
ADV-0136,Project Managers,9,9.012852267852798,9874.285714285714,8642.446344769794,165
ADV-0136,Junior Developers,7,7.97654923878768,7680.0,8027.956131449085,174
ADV-0136,Senior Developers,9,8.127704333481047,9874.285714285714,10320.872051206252,101
ADV-0136,Data Scientists,4,3.5538361761771093,4388.571428571428,4777.004767138139,104
ADV-0137,Business Analysts,8,6.5412657986798575,13348.57142857143,16039.196845014489,142
ADV-0137,UX/UI Designers,1,0.83503022936647,1668.5714285714287,2011.5356454013588,87
ADV-0137,Data Scientists,3,2.459159594891004,5005.714285714286,5349.841509193582,50
ADV-0137,Junior Developers,1,1.072233237167507,1668.5714285714287,1539.0901797614401,136
ADV-0137,DevOps Engineers,6,5.786305459286168,10011.428571428572,8578.60271950163,120
ADV-0137,QA Engineers,4,3.260083712096073,6674.285714285715,8582.967392181294,168
ADV-0138,UX/UI Designers,3,3.160156943082927,1217.142857142857,1164.872547045817,163
ADV-0138,Project Managers,3,2.514048288781943,1217.142857142857,1356.2282245062784,191
ADV-0138,DevOps Engineers,4,4.1547567841699475,1622.8571428571427,1922.4775966417446,169
ADV-0138,Senior Developers,7,5.941289793825005,2840.0,2644.7622180584926,176
ADV-0138,Business Analysts,5,4.718677981031575,2028.5714285714284,2216.47888801713,73
ADV-0139,Project Managers,8,8.473031375438193,18514.285714285714,20025.56838284347,194
ADV-0139,Senior Developers,1,1.1875265765933505,2314.285714285714,2897.9267415415343,104
ADV-0139,Business Analysts,3,3.5402534470385163,6942.857142857142,6522.3696868773495,184
ADV-0139,UX/UI Designers,2,1.645706175474664,4628.571428571428,5098.403512358047,180
ADV-0139,Data Scientists,7,7.474175382135828,16200.0,17251.45336226744,141
ADV-0140,Data Scientists,8,6.523492998202029,4800.0,4200.745493961525,73
ADV-0140,Business Analysts,4,4.636636967638803,2400.0,3098.286386744331,93
ADV-0140,Project Managers,6,6.4519938295984245,3600.0,2927.085016182156,78
ADV-0140,Junior Developers,2,1.787204229728296,1200.0,1521.4893744666877,164
ADV-0140,QA Engineers,6,6.974038535998333,3600.0,3170.9478488122654,92
ADV-0140,UX/UI Designers,8,9.349525342245316,4800.0,4208.998349047004,90
ADV-0141,Business Analysts,2,2.2437807869931445,1062.857142857143,994.0487174627528,140
ADV-0141,UX/UI Designers,3,2.926406036163659,1594.2857142857144,1450.5789922308595,187
ADV-0141,Data Scientists,5,4.906523545051719,2657.1428571428573,3167.2512026157033,57
ADV-0142,Data Scientists,5,5.373732987469819,3914.2857142857147,3399.522349377219,198
ADV-0142,DevOps Engineers,4,4.095768608055163,3131.4285714285716,3458.010196407628,180
ADV-0142,Project Managers,3,3.4901250574467175,2348.571428571429,2413.543189060959,155
ADV-0142,Senior Developers,3,3.50708688588696,2348.571428571429,1991.2999304304003,72
ADV-0142,Business Analysts,4,3.6117847334426147,3131.4285714285716,3689.666125015509,137
ADV-0143,Senior Developers,12,13.629158580524503,18994.285714285714,15572.571582771858,53
ADV-0143,Data Scientists,1,0.8884951279226735,1582.8571428571427,1770.1826779347139,177
ADV-0143,DevOps Engineers,12,13.455664323010216,18994.285714285714,18049.213239128265,187
ADV-0143,UX/UI Designers,7,6.994033705440094,11080.0,13817.266185688464,180
ADV-0143,Business Analysts,7,6.872382493646715,11080.0,12127.926330761587,164
ADV-0144,Business Analysts,10,8.042689151395336,20571.428571428572,18653.835089172266,174
ADV-0144,Data Scientists,12,11.296691880616219,24685.714285714286,29698.108431972654,70
ADV-0144,Project Managers,10,9.076208914968651,20571.428571428572,24451.24368703734,59
ADV-0144,Junior Developers,4,4.767574935638176,8228.57142857143,10586.243723715406,163
ADV-0144,QA Engineers,3,2.9411838031780126,6171.428571428572,7112.766705548028,111
ADV-0145,Project Managers,5,4.062349818223843,3771.4285714285716,4351.328744358595,125
ADV-0145,DevOps Engineers,3,2.5353563026398924,2262.857142857143,2307.0297987804993,106
ADV-0145,Senior Developers,7,7.843840299298182,5280.0,6053.967111070154,50
ADV-0145,QA Engineers,3,2.681380808139804,2262.857142857143,2190.799543119893,135
ADV-0145,UX/UI Designers,4,3.396204879964811,3017.1428571428573,3711.1966229331733,53
ADV-0146,Senior Developers,6,7.051329248529431,11691.428571428572,11672.299058738052,154
ADV-0146,Data Scientists,2,1.8666942704932503,3897.1428571428573,4055.2220623402536,194
ADV-0146,Project Managers,4,3.8969426528203344,7794.285714285715,8459.38995922799,83
ADV-0146,Junior Developers,1,1.0743505100345858,1948.5714285714287,2272.7390990169642,136
ADV-0146,UX/UI Designers,1,1.0438114039016253,1948.5714285714287,1802.3886074361944,128
ADV-0146,QA Engineers,2,1.9888460335221447,3897.1428571428573,3838.174820043354,66
ADV-0147,QA Engineers,4,3.368821834241922,7040.0,6384.580261532819,85
ADV-0147,Junior Developers,3,3.2756140963766898,5280.0,6733.600820970864,123
ADV-0147,UX/UI Designers,4,3.7961681657233277,7040.0,6475.775955413405,165
ADV-0147,DevOps Engineers,6,5.122776255589206,10560.0,11410.116096270782,137
ADV-0147,Project Managers,5,4.818450960383592,8800.0,11059.156673292597,114
ADV-0148,Project Managers,4,4.781219384229098,2422.8571428571427,2927.087454828078,191
ADV-0148,UX/UI Designers,1,1.12046860131813,605.7142857142857,498.9315926595686,187
ADV-0148,Business Analysts,3,2.63696830042282,1817.142857142857,1842.5053470849023,139
ADV-0148,QA Engineers,5,4.25088356890104,3028.5714285714284,3459.7993539656436,91
ADV-0148,Data Scientists,1,0.932406503797958,605.7142857142857,630.7691687786829,115
ADV-0149,UX/UI Designers,7,7.915059915786892,7200.0,6885.938618718538,103
ADV-0149,Senior Developers,1,1.1957362551358495,1028.5714285714287,1231.1451574776372,134
ADV-0149,Junior Developers,3,2.4346035923060465,3085.714285714286,3988.209059529394,172
ADV-0150,QA Engineers,3,2.4387879183913084,4680.0,5706.997683954312,147
ADV-0150,UX/UI Designers,1,1.0244604586687824,1560.0,1690.360391875251,135
ADV-0150,Data Scientists,7,7.324032949646483,10920.0,10431.750504907299,142
ADV-0150,Project Managers,9,10.35133654797804,14040.0,14069.121991074937,174
